-0.025627911,0.011440168,0.73938584,0.99228734,0.08322875,0.019523038,-0.08976456,-0.046346918,-0.07645452,0.015035547,-0.089388385,0.016886817,-0.03350211,0.06001705,-0.07407954,-0.012141172,-0.07109502,0.029141368,0.012079713,-0.043605138,0.038773894,-0.019226758,-0.2120541,-0.06037097,-0.077170126,-0.03856133,0.02962514,0.006092838,0.16082802
-0.040598705,0.002282146,0.7274951,0.9926187,0.08534743,0.004163352,-0.086062126,-0.16354671,0.4153853,-0.11420921,-0.46019524,0.12951094,-0.39013344,0.14073583,0.39415887,-0.26093346,-0.055812683,-0.61067724,0.2640009,-0.30831763,0.14607985,-2.289489,5.6531353,-2.4856112,-4.4390516,2.255928,-2.9542935,1.5828476,4.7515936
-0.07177442,-0.00077315816,0.60813224,0.9916479,0.0931413,-0.02860003,-0.08450563,-0.5229177,1.081521,-0.48119757,-0.74024385,0.4668274,-0.5427264,0.42577943,0.96671194,-0.3119709,-0.014428011,-1.8061594,0.15293595,-0.9043124,-0.009166513,-4.8655972,7.6336613,-4.8148823,-1.2141062,4.453505,-0.14405496,4.0865746,6.665206
-0.0655795,0.012688001,0.46435764,0.98259366,-0.008544004,-0.14947394,-0.10997398,-0.57141215,1.3016697,-0.5550531,-0.7076121,0.5586806,-0.5060887,0.5790563,1.3157406,0.43820694,-0.27700198,-0.4063906,-0.19825606,-0.45955485,0.025414942,0.69164616,-0.9895934,0.54816633,1.8286856,-1.2188046,-0.111023955,-0.6423491,-0.790044
0.055260215,-0.045741152,0.48835358,0.9847822,-0.02389792,-0.13621318,-0.10525608,-0.53208977,1.1403844,-0.40393296,-0.4975497,0.32777897,-0.51765454,0.53554857,1.1079384,1.8657181,-0.75420994,0.6276916,-0.072683774,1.0718408,0.23926903,0.15689476,-2.2204306,2.4796638,0.94951177,-3.3824902,-0.06280222,-0.19621488,-3.3322892
0.2482097,-0.12189262,0.50901693,0.9922131,0.0015609463,-0.07433968,-0.09992208,-0.52613264,0.8327925,-0.0710439,-0.5561975,-0.074251026,-0.52076733,0.5262244,0.7896009,1.9312699,-0.76469177,-0.31451124,0.5740871,1.3208477,0.047119066,0.014366424,-3.9047768,4.1731358,-1.7317052,-4.6569643,-0.011068854,-0.03142139,-3.0379326
0.4386228,-0.18108806,0.44479394,0.9929621,0.063688084,-0.0116326455,-0.099170424,-0.5257403,0.4534361,0.4339467,-0.79548943,-0.42521295,-0.52127105,0.3853087,0.6328412,1.6887684,-0.08197606,0.060332112,1.351152,0.60698694,0.09070168,-0.0006725079,-0.28770962,5.797218,-2.9024653,-2.3321192,-0.00041076957,-2.6592395,-0.2352994
0.56391996,-0.14333692,0.5335497,0.9922619,0.10598704,-0.040519215,-0.05041133,-0.5255044,0.4994177,0.589108,-0.98827046,-0.5333631,-0.52195966,0.0016179167,0.7180852,1.1788305,0.5315773,0.9048987,0.10501872,-0.93985075,1.7912027,0.0022427493,0.38200647,-0.8400177,-1.1489949,0.16647351,-0.0048085824,-5.0251174,1.9997764
0.68208236,-0.083169356,0.63228744,0.9942589,0.070429735,-0.07680918,0.024274534,-0.52506024,0.5183842,0.53703606,-0.9509717,-0.42263833,-0.6529644,-0.5681551,0.99425113,1.1177543,0.6542277,0.69923055,-1.3341545,0.36364412,0.64587164,0.0033673656,0.066667415,-0.22043256,1.6845864,1.9810375,-2.5223515,-4.3783097,3.6358004
0.7801226,-0.03374703,0.64981604,0.99821097,-0.00042838795,-0.0506869,0.031709407,-0.4056903,0.59021455,0.4314213,-0.81487554,-0.31317028,-1.0354966,-0.5545602,1.24365,0.9362418,0.39017847,-0.31205946,-1.2952839,0.6737981,0.18094383,2.334073,1.3506144,-1.8689318,1.0496072,0.2252595,-5.0816298,1.6562228,0.54064494
0.872874,-0.0025957883,0.5767487,0.99573,-0.0834714,-0.0044943783,0.039168283,-0.054571018,0.8592209,0.11096476,-0.59684455,-0.35804915,-1.2859057,-0.25717872,1.1485875,0.94431704,0.19032732,-1.0760807,-1.0736928,0.013789703,-0.02078808,4.6222286,3.967414,-4.475819,3.2848833,-1.097758,0.5831805,4.2415137,-2.3568463
0.9739613,-0.0144012775,0.65629846,0.9912101,-0.08460562,-0.10166123,-0.0030729712,0.50037086,1.2876412,-0.4535213,-0.4759578,-0.53270924,-1.1218241,0.28592098,0.78434634,1.0528952,-0.26361188,1.5793942,-0.30852982,-1.7655607,-1.0803894,6.557999,1.8035645,-6.8090773,-0.5621876,-1.9426665,2.4676733,6.570522,-4.9051886
1.0936229,-0.015757848,0.75924325,0.97378474,-0.097200625,-0.19896077,-0.052056868,0.56300056,1.2566668,-0.6101472,-0.5132674,-0.5431313,-0.7483881,0.62683845,0.45752642,1.3661772,0.21077424,0.5578998,-0.38715652,-2.4869027,-0.53122884,-1.666335,-0.549052,1.1845725,-0.1660414,0.2766081,4.965787,-0.9795758,0.35862288
1.2291266,0.006938239,0.77052164,0.9448904,-0.110683374,-0.29843706,-0.07659459,0.3240811,1.0858405,-0.38171667,-0.65961266,-0.52845186,-0.4335438,0.54661614,0.50585246,1.3083719,0.22826645,-0.016505288,1.0179603,-0.19711247,-1.012805,-3.087919,-2.8238087,3.2783391,-2.6485398,0.05844895,-0.70037144,-0.39859107,0.28129494
1.3847158,0.028918063,0.81112945,0.96998566,0.0037140793,-0.22278386,-0.09737254,-0.08862847,0.69028413,0.035897024,-1.0049007,-0.5258999,-0.5018198,0.47966975,0.51938754,1.6103702,0.33508632,0.07160134,2.7473006,2.098039,-0.6731474,-5.1326303,-5.0538607,5.2882338,-4.3039823,0.0040759044,-0.36456206,-0.93873423,0.04642059
1.5468963,0.06801055,0.7830962,0.9661657,0.18499851,-0.16352065,-0.07456782,-0.58681005,0.43271184,0.56005204,-1.2759712,-0.50009716,-0.518745,0.24880128,0.5505787,1.6465323,0.1538949,-0.65507954,3.7594204,0.70576,-0.47368798,-1.4459019,0.9151969,2.3169575,0.30873725,0.50934386,-0.055697825,-3.6108868,0.57339805
1.7159296,0.08341662,0.7138199,0.9526427,0.2814071,-0.08069565,-0.08228084,-0.55418324,0.50339025,0.55462927,-1.2350951,-0.35223126,-0.5232813,-0.2247843,0.7144314,2.0339794,0.7928195,0.58102405,-1.7375976,0.99763006,0.35253718,0.4937247,0.3426217,-0.45832074,0.23811562,2.016632,0.0392154,-5.3230724,2.532024
1.923265,0.16773756,0.7448628,0.98580104,0.12494518,-0.10708992,-0.033417653,-0.5294758,0.5190249,0.53023523,-1.1104473,-0.17006625,-0.65345323,-0.6374741,1.0646242,1.9117612,0.8057631,-0.21595278,-3.7959354,-0.7940659,0.93129957,0.08853076,0.050050084,-0.09190609,2.2120097,1.6790746,-2.6112812,0.44164005,4.4679
2.116092,0.22672614,0.6920945,0.9931464,-0.03036016,-0.11283454,0.0026069367,-0.40321508,0.63401365,0.3863539,-0.9000932,-0.107743524,-1.0035082,-0.48260418,1.2669088,2.054565,0.25187418,-0.55110455,-1.7250524,1.4568536,1.6313487,2.3946302,2.205048,-2.7058923,1.9864086,-0.40774703,-4.3652606,2.4157283,-0.55651796
2.330166,0.23072869,0.6111218,0.98916817,-0.114448406,-0.027198182,0.08779591,-0.04535155,0.9721397,-0.0060294895,-0.61785895,-0.2089012,-1.2866755,-0.12011458,1.0772141,2.1689024,-0.303506,-0.7280404,-0.09272797,-1.3269624,0.76530445,4.625283,4.458396,-5.0735373,3.6553204,-1.5793387,0.2398714,4.803473,-3.1811526
2.5510695,0.15885766,0.6323964,0.9899771,-0.036243707,-0.091729715,0.10108065,0.5037063,1.3236755,-0.5685883,-0.47698638,-0.39170936,-1.1225466,0.46971494,0.637228,2.447822,-0.64916855,0.62308514,0.6129068,-0.08827862,-0.93876,6.4869905,-0.44162878,-2.7095213,-0.5283093,-2.0354643,2.9256668,6.963256,-5.5818124
2.7968068,0.13124263,0.65156674,0.99002564,8.81434e-05,-0.09867741,0.100558385,0.5714937,1.2300234,-0.55836487,-0.5249867,-0.47987315,-0.71279067,0.56574243,0.4506577,2.4119253,-0.11694266,-0.27435765,0.76447487,-0.50725776,0.19312634,-1.3067114,-1.036247,0.61446923,-0.41180995,0.2422456,5.2217674,-1.1856532,0.8971151
3.034526,0.12800899,0.57862896,0.98884964,0.031633265,-0.101408675,0.10436474,0.4166347,1.008063,-0.40870962,-0.6103609,-0.3546746,-0.43579265,0.34535238,0.50850093,2.3440983,0.05561018,-1.1516813,0.35241896,0.44857347,-0.13564572,-1.7818979,-3.3667521,2.3492708,-1.2810929,2.229405,-0.83865947,-3.189814,0.25287202
3.2699995,0.1553726,0.43329316,0.9965114,0.0419518,0.00081212627,0.07214191,0.21448274,0.5458461,-0.057532705,-0.8011394,-0.14837551,-0.5036535,-0.09047449,0.5238841,2.4202015,0.50465757,-1.7169381,1.6074936,3.8103998,-1.4018091,-2.2466838,-5.827796,4.6026073,-2.4566147,1.9303933,-0.33596295,-5.4884806,0.04292508
3.5108922,0.31241667,0.4785106,0.99298894,0.055327326,0.0372286,0.09760035,0.021613352,0.47250736,0.4810637,-1.0219312,-0.055721626,-0.5199309,-0.62419707,0.52141446,2.1583083,1.7084597,0.96812195,-0.94440114,0.9583628,-0.21115063,-1.5480314,0.7106244,6.2894483,-2.3058789,0.029654114,-0.05722314,-1.3274031,0.019247198
3.7096164,0.45846578,0.5331302,0.9933567,-0.02804688,0.065736756,0.09019158,-0.10279648,0.6586406,0.5610452,-1.1063702,-0.060576137,-0.62105453,-0.50943875,0.52171165,1.679677,1.1961974,0.50463647,-0.39508244,-0.30008793,0.39860198,-0.8988757,2.9793642,-1.2330208,0.562537,-0.13601816,-1.9117506,2.528588,-0.0016616589
3.858937,0.54246306,0.56796527,0.9931857,0.013452631,0.0020877323,0.1157448,-0.08717411,1.0803713,0.313036,-0.94369674,-0.11634581,-0.7116226,-0.13040853,0.5215004,1.4996065,0.65543896,-0.085957214,1.2518196,-1.9981028,0.4558762,1.1646419,5.376358,-3.6777866,2.6587236,-0.96314174,0.064758524,5.010066,-0.0011764079
4.004463,0.5928541,0.5150312,0.99009657,0.0478803,-0.05210145,0.121250555,0.14524126,1.2774186,-0.16008474,-0.57939816,-0.2021946,-0.5649284,0.46526173,0.5214111,1.2648901,0.124442615,-0.47045988,0.13044731,-0.54871714,-0.2719328,3.4467893,-0.62484497,-5.746825,4.591727,-0.7733512,2.8269649,6.880805,-0.00028048744
4.1074758,0.60791725,0.4988589,0.9932726,0.064013615,-0.030201867,0.09164936,0.48885584,1.1598579,-0.6143587,-0.47240037,-0.14926456,-0.48507687,0.55927515,0.52160853,1.0724036,0.3290033,-0.38714877,0.35931885,0.9456283,-1.5068399,3.465438,-1.7821019,-0.11964379,-0.82108,1.8457425,-0.4818465,-1.3557352,0.0015345346
4.2035823,0.6658456,0.44135547,0.99758595,0.05946134,0.01396335,0.033039287,0.55854136,0.8526261,-0.49299514,-0.5558587,0.12596169,-0.5147618,0.30591464,0.5229236,0.70935225,1.3208891,-0.0014023025,-1.6240429,-0.61334527,-0.4765764,-0.46536225,-4.3109493,2.1653976,-0.8386744,3.4296072,-0.12348817,-3.4211552,0.0061865044
4.2924113,0.8020992,0.41183245,0.9998493,0.003807375,-0.015145856,0.0075771245,0.51451576,0.45315507,-0.15815575,-0.6960085,0.3254486,-0.52053326,-0.018904576,0.5231713,1.296568,1.2340218,-0.29890233,1.2143309,0.49878308,-1.131102,-0.39537492,-0.31176996,4.4321084,-1.9116563,0.64941955,-0.018952869,-3.1107228,-0.00028105383
4.4715114,0.95603067,0.4794302,0.99858564,0.03929476,0.032501448,-0.015041687,0.39805982,0.49916804,0.37290472,-0.9458658,0.2729068,-0.52123207,-0.4144576,0.5225723,2.0637906,1.7931657,1.2334297,0.107199855,0.625969,0.321497,-1.9185256,0.38662815,6.250702,-3.1204658,-1.6830337,-0.0036893294,-4.8244724,0.02902296
4.59653,1.0320691,0.5684571,0.99538785,0.038035493,0.081187874,0.034129355,0.16576236,0.5189908,0.59513444,-1.1531923,0.075907364,-0.53363264,-0.5746683,0.5225115,0.52801424,-0.19967923,0.5992771,-0.1200585,1.1834829,1.529358,-2.7220793,0.071041234,-0.8393633,-1.0647165,-2.2494988,-0.23603094,0.64452785,-0.0045162444
4.649989,0.99528754,0.58630157,0.9879471,0.03952926,0.1138318,0.097161084,-0.0236927,0.63974184,0.4037092,-1.1200535,-0.18999656,-0.5884977,-0.3750886,0.5217761,0.5541893,-0.49551737,-0.29527837,-0.17092195,0.44236347,1.0060575,-1.0893359,2.3106313,-2.95458,1.6814499,-3.0572195,-0.8535556,3.3023171,-0.0044828486
4.6845713,0.93564194,0.55404377,0.99185,0.04440846,0.04985962,0.10851447,0.0077346554,0.9776474,-0.009825214,-0.82132083,-0.4942908,-0.56786287,0.060478985,0.52139455,0.19430293,-0.67163914,-0.45418933,1.1138581,-3.1124318,0.05819916,1.6642303,4.388922,-5.275546,4.243657,-3.0405898,1.2461241,5.4116516,-0.0012123388
4.7044697,0.88567996,0.47289386,0.9923256,0.08387021,-0.044940617,0.07896851,0.27382618,1.279995,-0.57828295,-0.43665698,-0.53465074,-0.5048154,0.5957467,0.52144444,0.5326996,-0.24776411,-0.33703926,-0.019186433,0.4140803,-1.297706,3.5873225,0.020017508,-2.5667462,0.08159003,1.0071353,-0.17537539,2.1223633,0.00066739536
4.763376,0.853048,0.45929646,0.9934728,0.112817146,0.008992401,-0.014256067,0.56782615,1.1723229,-0.5592905,-0.49700037,-0.3055766,-0.5179752,0.52459323,0.5219689,0.46344545,-0.13678503,-0.03862209,0.8133514,1.2187504,-1.9676636,0.25449696,-2.0716288,0.6898338,-0.44786543,3.4312918,-0.061902177,-1.9725326,0.0016323047
4.8084292,0.9271892,0.5190525,0.9945992,0.09892913,0.0032208783,-0.031226555,0.53970224,0.8551774,-0.48694322,-0.5194075,0.060821373,-0.5208506,0.2529113,0.52301097,0.59748036,0.57231665,0.5315509,-0.50468075,-0.17866044,0.20727071,-0.24746117,-4.2536297,0.7541421,-0.08275111,4.0483947,-0.01116422,-3.6981297,0.008867731
4.887551,0.9414498,0.52950215,0.99473536,0.09733631,0.009964147,-0.030462641,0.5274872,0.42491582,-0.35843533,-0.56450945,0.35098723,-0.5215342,-0.015877182,0.52324444,0.7665045,-0.105265625,-0.2565687,0.38279375,-0.036141228,0.15276764,-0.04158334,-0.9233327,1.8185788,-0.79707015,1.7901835,-0.0028194494,-1.7193828,4.3963564e-06
4.9387217,0.93370026,0.5311916,0.9953438,0.08934368,0.00042193948,-0.03616992,0.5245645,0.48623234,-0.095095456,-0.6522758,0.439385,-0.52191395,-0.22396764,0.5267144,0.5104288,-0.07022819,-0.32268575,-0.24785864,-0.19449127,-0.14578763,-0.014269066,0.6079382,3.4237301,-0.9510656,0.17275248,-0.0032468112,-2.5689685,0.090309694
4.99653,0.9407093,0.46720916,0.99841905,0.04568608,-0.014270643,-0.029470487,0.4817857,0.5164204,0.3232736,-0.78985626,0.35643733,-0.52182406,-0.53344357,0.5533731,0.62659997,0.16709717,-1.0261321,-1.3836775,-0.16901493,0.41224676,-0.8273481,0.106566906,4.9195395,-1.7894378,-1.7495781,0.0012942064,-2.9803357,0.45151803
5.0877523,0.98975694,0.43542784,0.9944981,0.011626214,0.09071726,-0.051075842,0.31068292,0.52112025,0.5979966,-1.0038435,0.09988348,-0.52232635,-0.55111974,0.52589065,0.44305778,0.49680004,0.29856244,-0.29940012,1.6701242,0.3054321,-2.4553561,0.0118753025,-0.5984438,-2.6267009,-3.4205189,-0.0034045961,0.40576416,-0.9167929
5.067785,1.045156,0.50653625,0.99467295,0.027729945,0.09721164,-0.020166883,0.070038594,0.63166946,0.46345,-1.1151448,-0.17995976,-0.58750755,-0.40279144,0.5132224,-0.49127686,0.5926694,0.65720713,0.7196155,-0.75306755,0.6496666,-2.488213,2.2128134,-2.053625,0.35487473,-2.1951876,-1.2777919,2.629353,0.12052024
5.0121174,1.0907968,0.5269387,0.9980629,0.046645563,0.03666719,-0.0187132,-0.050316136,0.9075942,0.14336254,-0.9523476,-0.44835162,-0.6042731,-0.023047429,0.52003723,-0.5718426,0.3200985,-0.30332613,0.6937325,-1.6823686,-0.008695004,0.03102884,3.2782285,-4.3108497,2.8577886,-3.1668386,0.9146191,4.9611483,0.027258696
4.957874,1.0835078,0.46802267,0.997086,0.055635877,-0.05200043,0.0044884393,0.04164785,1.1850996,-0.33415946,-0.5699517,-0.55447,-0.49161106,0.49063414,0.5212492,-0.38984033,-0.9401375,0.42706597,-2.1341035,-0.4629624,1.8107021,1.7096628,1.8748678,-4.554063,4.3279524,0.34270638,-0.061861884,5.3051925,0.0039289272
4.9226394,1.0039252,0.6078046,0.9856997,-0.034162804,-0.12413936,0.10871241,0.28943813,1.236757,-0.5850113,-0.4724655,-0.46679336,-0.51315695,0.5658812,0.5216805,-0.28922692,-0.73743993,1.1252843,-1.1118114,-1.8257219,1.8731967,3.3552296,-0.17665492,0.43705556,-0.6879586,1.7548393,-0.14695589,-0.5803114,0.0020921968
4.901143,0.9288158,0.6776908,0.9561604,-0.05365421,-0.21865208,0.187269,0.5611497,1.1578617,-0.4688381,-0.51337665,-0.40436658,-0.5212761,0.53184223,0.5215825,-0.010385836,-0.73581636,0.43581182,1.2857963,-2.0417202,0.27249646,0.62428206,-1.3694972,1.7192789,-0.16883533,-0.43821913,-0.03154668,-0.13868698,-0.0011635872
4.9262104,0.85984963,0.7266597,0.94633156,-0.0019449919,-0.24832433,0.20685226,0.5208182,0.98993194,-0.23560342,-0.55836034,-0.5370823,-0.5224201,0.5250151,0.5214657,0.6699839,-0.61917865,0.7607387,0.85105675,0.48217836,0.14441551,-0.92405504,-1.9744176,2.8438148,-0.69827515,-1.6569104,-0.0028434326,-0.023747765,-0.0006205871
4.9859896,0.8045762,0.74947226,0.95346177,0.035633903,-0.21052657,0.21288368,0.40173712,0.7330822,0.073789686,-0.6546953,-0.53905135,-0.5223661,0.52431417,0.5215032,0.5550749,-0.5186005,-0.28634676,0.9024838,0.69913906,-0.13332534,-1.451059,-3.14438,3.329893,-1.2182903,0.40128285,0.0009064409,-8.382458e-05,0.00039390498
5.043912,0.7740729,0.69317967,0.96301365,0.09830145,-0.13945627,0.20855086,0.18283965,0.45750353,0.42120355,-0.7946283,-0.4368337,-0.52261674,0.46722403,0.5223969,0.6721199,0.02622194,-0.57050157,2.0991971,1.8293977,-0.73021966,-2.9002938,-0.0028335268,3.621862,-1.5779154,1.6053404,-0.0019929912,-1.1316462,0.0063689584
5.1101575,0.79284734,0.6184626,0.9678177,0.17387381,0.004987027,0.1818569,-0.14264902,0.50391465,0.5517819,-0.8790233,-0.1835978,-0.5344378,0.2774949,0.5557282,0.6459589,0.3066014,-1.0102191,1.9467189,2.7955384,-1.4958671,-3.5984616,0.33375114,-0.3444934,-0.13201107,3.4419425,-0.22683671,-2.6328752,0.64910406
5.149649,0.9157605,0.6095103,0.9744828,0.13552015,0.024970425,0.17718391,-0.50487036,0.5197362,0.47656208,-0.81930375,0.2126474,-0.53592426,-0.039308697,0.706181,0.24720277,1.7268785,0.09164568,-2.0933926,-1.2430412,0.97787625,-3.6271043,0.053043753,-1.1605242,1.2954507,4.6705427,0.12874182,-3.89501,2.421547
5.1901836,1.0738636,0.5607768,0.9767665,0.043916583,-0.07471661,0.19599992,-0.53990585,0.52184963,0.4198444,-0.6448428,0.56050724,-0.5319238,-0.3901613,0.9818395,0.558554,1.4948227,-1.0176172,-2.178958,-1.8485824,0.54599565,1.0403,0.0055253585,-0.0006573006,2.1772575,1.0452724,-0.04608085,-3.1592743,3.0806699
5.2641025,1.1259199,0.51670474,0.97431135,0.0074895355,-0.08668134,0.20772004,-0.4162321,0.52645373,0.34274095,-0.49338043,0.5157779,-0.57223696,-0.55036324,1.1715803,0.536731,-0.62225616,0.3741811,-0.22658235,0.30229187,-0.23433767,1.2573701,0.1128386,-1.4838066,-0.14981808,-1.3002498,-0.75907564,0.19607411,0.8005425
5.3003125,1.0491829,0.5407874,0.97925514,-8.067862e-05,-0.089823395,0.18163456,-0.25881442,0.59862083,0.14443757,-0.51476324,0.35591093,-0.68515795,-0.41607806,1.1268749,0.3052841,-0.9281615,-0.09888195,0.049821123,-0.03980688,-0.64865106,1.9192002,1.310405,-2.481252,-0.12676789,-1.8935435,-1.4828,2.4556139,-1.6966102
5.3424935,0.9595683,0.5073809,0.98154396,-0.032576125,-0.059398793,0.17883515,0.028415069,0.78525144,-0.1849446,-0.52067846,0.09264414,-0.7573313,-0.050825015,0.8510031,0.55796176,-0.9243209,-0.43454516,-0.7721646,2.2382162,0.98572516,3.7845724,2.397855,-4.045462,-0.01914678,-3.3487377,0.010204701,4.7990108,-3.8015747
5.441621,0.87541276,0.5381573,0.97981393,0.0034419093,-0.09646446,0.17506413,0.5029949,1.056726,-0.59781855,-0.5215357,-0.20077378,-0.6721043,0.46761528,0.4564912,1.4774344,-0.6019812,1.1343706,0.12272612,-1.4841105,-0.38948885,5.755375,3.05591,-1.0772369,-0.0025406452,-2.4954896,1.7170674,5.556508,-1.0681841
5.5786343,0.8388581,0.60735744,0.96786076,0.013717893,-0.15410803,0.19826266,0.5677327,1.244891,-0.5414335,-0.5224331,-0.40769008,-0.46980736,0.58825773,0.49438936,1.3006839,-0.26676035,0.24660544,-0.1778239,-0.7257402,0.79532313,-1.0191227,0.108063295,1.0493565,-0.0059158364,-1.6396385,0.029479194,-1.1470821,0.46557543
5.70434,0.81686926,0.5938676,0.96627337,-0.011555241,-0.15128544,0.20807451,0.49107155,1.1506536,-0.36787027,-0.564169,-0.5178703,-0.5066005,0.49453592,0.51762354,1.2579654,-0.15039581,-0.51685023,0.37557614,0.81818897,-0.52058005,-0.5154816,-1.947515,2.3611581,-0.7769321,-0.55973506,-0.26989314,-0.7317052,0.08233726
5.842759,0.8138331,0.5152157,0.98322374,0.028192809,-0.06711308,0.16724858,0.41152665,0.8419356,-0.07284155,-0.6383174,-0.45838422,-0.5195098,0.32718056,0.52175117,1.3952091,0.07655186,-1.2417532,1.0330559,1.7213899,-1.0397185,-1.0704108,-4.195246,3.598845,-0.7409891,1.6545368,-0.04418023,-2.5936575,0.014812459
5.966491,0.87215805,0.39566314,0.99059856,0.021738132,0.009869604,0.13470154,0.21407269,0.44938532,0.33011284,-0.67565084,-0.23787634,-0.52139026,-0.020071482,0.5712546,1.0705992,1.74562,-0.07957612,-0.9670762,-0.11928821,0.21591753,-2.8745625,-0.25721037,4.3235173,0.14313324,2.6653178,-0.0052327476,-4.0825067,0.7712665
6.0767365,1.065505,0.3996426,0.9897253,-0.0052122087,0.0112142395,0.14244637,-0.12806746,0.4995187,0.56900615,-0.55681443,0.0788653,-0.52276003,-0.325854,0.55721754,1.0478653,1.8396741,-0.36526486,-0.69169164,0.23232065,0.3083693,-3.9542017,0.40634876,-0.27739432,2.0661225,3.6389074,-0.00873643,-2.1551514,-0.9008075
6.134228,1.2229743,0.38044864,0.9882647,0.00019630096,-0.005665165,0.15264605,-0.46318996,0.57616746,0.45993757,-0.49848688,0.4470751,-0.52169836,-0.3974037,0.5090091,-0.28727743,1.5595,0.46739003,-0.4119616,-0.074310966,-0.17987013,-2.6252718,1.0112227,-1.8676751,-0.3144394,3.5426574,0.047217447,0.69765216,0.13171268
6.115566,1.3373324,0.41872227,0.98725265,0.0063531124,-0.00038069003,0.1590335,-0.5377571,0.63095933,0.27375957,-0.63553274,0.56012285,-0.52156,-0.24219151,0.5500656,-0.05978069,0.7693978,0.23504998,0.48371306,0.38435557,0.21088453,0.6733409,0.09970455,-1.8541286,-2.394414,-0.54448056,-0.007559885,2.3865747,0.68035215
6.1098723,1.3677826,0.4494132,0.9890186,0.0065357275,0.04207863,0.14152335,-0.37435332,0.54611343,0.16247341,-0.8791122,0.41105762,-0.52207184,0.027855743,0.5066066,-0.04252947,0.015009848,0.168512,-0.009149104,1.0129454,-0.85882664,2.5964658,-1.736104,-0.45309496,-2.5100498,-2.4117239,-0.0020354982,3.0353248,-0.48072153
6.1108418,1.3382579,0.47792965,0.9943577,-0.011037513,0.06837912,0.08034431,-0.0014121528,0.4973839,0.12295861,-1.0054064,0.062343977,-0.5217747,0.29720393,0.5134101,0.08150887,-0.5495222,0.1971975,-0.09733829,-0.007960676,-1.400703,4.815212,0.32717907,-0.35414934,-0.12680596,-4.536764,0.002631286,2.4083767,0.1373954
6.1123853,1.2619368,0.47538772,0.9973446,-0.026064146,0.06463212,0.02114463,0.5414422,0.5179456,0.010247346,-0.87869656,-0.43192312,-0.5217928,0.5526626,0.5202787,-0.05615632,-0.8674869,-0.16111687,0.01480482,-0.62044716,-0.58712393,4.916102,0.08860945,-1.8726429,2.616213,-5.3461695,-0.00036926605,1.1081715,0.024045927
6.095509,1.1722201,0.41905677,0.9983285,-0.02678815,0.010995591,0.05001663,0.55026454,0.5219543,-0.19447556,-0.51336306,-0.5631628,-0.52152556,0.523804,0.5213651,-0.045306563,-1.182671,-0.8977904,0.44716007,-2.4468627,1.8816509,-1.6357,0.012015636,-2.2061448,3.7190828,1.1379039,0.002194316,-0.9507283,0.003461037
6.0701933,1.0948366,0.3642284,0.99292034,0.008029104,0.01620167,0.11739795,0.31396067,0.54968494,-0.47249424,-0.48886365,-0.3624236,-0.52190995,0.39208382,0.52133495,-0.5714991,-0.37808004,0.16739886,0.24454285,-0.12124481,1.641476,-3.059922,0.4236977,-3.2222161,-0.49677277,2.7756543,-0.004339774,-1.7061611,-0.0018004737
5.9856133,1.0965238,0.4149678,0.9860771,0.016907563,0.0023894066,0.16540991,-0.03662806,0.66627556,-0.55826443,-0.51653,-0.017717892,-0.52269316,0.21109352,0.52161926,-0.99504584,0.23735479,0.39873344,0.22540475,-0.3686547,0.64353454,-3.995687,1.937802,0.4467711,-0.10854757,4.200715,-0.006492497,-1.9196316,0.0043844767
5.86231,1.1341871,0.4587035,0.98362166,0.04028461,-0.004780142,0.17562108,-0.4237931,0.83493704,-0.5112182,-0.5219034,0.4130747,-0.52238744,0.038626168,0.5225658,-1.5883139,0.62704754,0.87537915,0.32411298,0.008819885,-0.5658754,-3.6978369,1.3430306,0.5020984,-0.018837985,4.3304176,0.0036111102,-1.5273454,0.0061432933
5.7624044,1.141673,0.49882472,0.9874398,0.03140107,-0.01793301,0.1538018,-0.54840106,0.8880169,-0.42802903,-0.5273371,0.5632941,-0.5216742,-0.0835098,0.58710366,-0.6201118,-0.27894616,-0.06907173,-0.55400336,-0.35807547,-0.37108785,0.5383881,-0.25363684,1.174553,-0.024882987,-0.48446158,0.0046100165,-0.926863,1.2573453
5.7084017,1.1152669,0.4417051,0.9907588,0.006718607,-0.03141577,0.13177629,-0.45091474,0.75328237,-0.20419446,-0.5584344,0.4065757,-0.5217727,-0.1768298,0.6361339,-0.46539778,-0.25382325,-1.0763563,-0.5402781,-0.04996321,-0.481758,1.3964468,-2.405946,3.2678616,-0.5871625,-2.6149657,-0.0015243435,-0.9387866,-0.25156638
5.739263,1.1360686,0.3941978,0.99471015,0.0029640966,0.01273121,0.10188645,-0.29311046,0.45303163,0.1479852,-0.6237782,0.05493957,-0.521614,-0.3161293,0.5508983,0.807078,0.8301893,0.11641362,0.5049157,0.15472585,-0.40844887,1.7401906,-0.77133393,3.8236709,-0.7071805,-4.504548,5.6148194e-05,-1.7496341,-1.4891005
5.8238797,1.2236205,0.40829974,0.99688697,0.009339949,0.026406853,0.07370103,-0.06502372,0.49575043,0.50713617,-0.71492517,-0.43840903,-0.5217198,-0.42181516,0.5068646,0.83064175,0.8586711,0.013897858,-0.04973891,0.79033965,-0.75672656,2.8035152,0.4463227,3.384195,-1.1292095,-5.3463397,-0.000658239,-0.40655884,0.20362476
5.8751626,1.278308,0.40843612,0.99948645,0.005043117,0.025902163,0.018180115,0.14950754,0.55606174,0.54124665,-0.68991077,-0.5704292,-0.522195,-0.34917405,0.5189343,0.18092531,0.3276743,-0.0087913,0.28991574,-0.74973935,-1.3363886,1.5408692,0.745327,-0.90174633,1.5786481,1.0114981,-0.0032917578,1.7907639,0.049978744
5.8756533,1.3156439,0.38660774,0.9986328,0.018848598,-0.01211222,-0.047229484,0.2324061,0.66673815,0.40707007,-0.4903785,-0.40001875,-0.5228351,-0.09318456,0.52125657,-0.21209198,0.51549935,0.22432531,0.4109898,-0.115580186,-1.1339025,0.20626435,1.3476366,-1.7690983,0.26085016,2.37062,-0.0016912917,3.2342238,0.006495573
5.859136,1.3202013,0.46545613,0.99949145,-0.004307937,-0.023999225,-0.02055172,0.19177537,0.7700512,0.25983912,-0.51063406,-0.16936852,-0.5226272,0.20885698,0.5214978,-0.07680592,-0.23173805,0.6280966,-0.53920215,-0.2829315,1.3819938,-0.9200529,0.9797153,-1.7196648,-0.18893512,2.621153,-0.002364147,2.8525505,0.00020569006
5.8573236,1.2760507,0.49068457,0.99697226,-0.008530398,-0.05000806,0.058929995,0.15923938,0.90141445,0.04260624,-0.5202047,0.014056737,-0.523041,0.5508765,0.52162796,0.091182604,-0.52163166,-0.15040016,0.4001487,-0.9394583,1.9812794,0.24013099,1.6449515,-2.631708,-0.03465546,1.067759,-0.0015083378,1.6966848,0.0010342351
5.869275,1.2357141,0.46794173,0.98928684,0.016385881,-0.070681825,0.12667729,0.20005262,1.017967,-0.19422112,-0.52174735,0.08978356,-0.52259654,0.5459586,0.521913,0.15180437,-0.20375519,0.1626577,0.5395038,0.31819108,-0.0807309,0.5382988,0.5922039,-2.0690382,-0.005071011,0.4351159,0.0029052712,-0.34251952,0.0021211475
5.8653817,1.1891645,0.48791754,0.9868691,0.011622574,-0.07688197,0.14157496,0.32113016,0.95987535,-0.32398665,-0.5221244,0.15813294,-0.52194613,0.49724102,0.52221394,-0.06826612,-0.56039035,-0.16436039,-0.18839982,-0.21161734,0.33063653,1.9727751,-1.5925528,-0.7932617,-0.0014128766,1.0304961,0.0030935223,-0.62410676,0.0015333107
5.888186,1.1344011,0.4396758,0.99194926,0.007818501,-0.045365255,0.11797267,0.53027636,0.69509095,-0.28716615,-0.57886195,0.21868007,-0.5216682,0.36045307,0.52246445,0.70960665,-0.5480497,-0.6290223,0.20739855,2.3253446,-1.8045799,1.7399725,-3.6169605,1.4959584,-1.0181206,0.25465253,0.0015253754,-2.0714748,0.0013872354
5.961678,1.1257246,0.40190724,0.99625665,0.032320064,0.01132218,0.07937179,0.5402195,0.45439917,-0.030084226,-0.74502885,0.17688186,-0.5212348,0.04074568,0.52285475,0.9593316,0.8253172,1.0912353,0.7243523,-0.029917099,0.45932287,-0.2436401,0.52706647,3.426585,-2.0892687,-1.083309,0.0068481173,-4.0452456,-0.0003460204
6.0689125,1.2200334,0.4982047,0.9920862,0.058849756,0.014584007,0.10995003,0.527098,0.5063959,0.36711696,-0.9455971,-0.04236953,-0.5216288,-0.31553373,0.52276945,1.0801119,0.9296,0.50293,0.46996316,0.051467925,0.7352315,-0.050114382,0.27784035,4.562745,-1.9699038,-3.258923,-0.0047005657,-3.167698,0.00020329673
6.166199,1.2987099,0.5036476,0.98639226,0.06320249,0.0302463,0.14873111,0.5217949,0.5196236,0.5854051,-1.0513146,-0.40942743,-0.52316004,-0.53598773,0.52223825,0.76734495,0.5994531,-0.26208082,-0.88695425,0.73588175,0.2967716,-0.045089893,0.04448756,-0.59708875,-0.15406586,-4.055698,-0.012205954,-0.6755977,-0.0040541417
6.2301564,1.3553329,0.43805045,0.988108,-0.006020809,0.07022602,0.13665543,0.50282633,0.58500737,0.4448001,-0.9258083,-0.5737926,-0.58297366,-0.45758608,0.521584,0.40157807,0.5097194,-0.8593696,-1.0247335,0.700999,-0.75289947,-0.27751198,1.1998506,-2.193944,2.6121964,0.67399454,-1.1605041,2.0928516,-0.0057075634
6.17228,1.3806089,0.43286988,0.9936076,0.03136008,0.00787188,0.1081598,0.47237125,0.79068387,0.1574235,-0.5377354,-0.44155505,-0.60564476,-0.15763539,0.52123433,-0.9564103,0.1529714,-0.22444645,1.5534198,-2.1092212,-0.3665834,-0.5565368,3.0556679,-3.5321877,5.1129365,1.9422913,0.6769746,4.11618,0.00085109525
6.0929785,1.3465374,0.5068608,0.9838937,0.04850157,-0.025436802,0.17015791,0.37746832,1.0738127,-0.20840324,-0.47745112,-0.19510527,-0.48981982,0.15851133,0.521263,-0.7142282,-0.8582753,0.9685464,-0.15574682,-0.69010377,2.7646205,-1.2666911,2.7783706,-4.108965,-0.65197533,3.2062037,-0.048646215,2.290164,0.00033157883
6.0283585,1.2477669,0.5500717,0.95223564,0.03591194,-0.073167734,0.2942857,0.35125956,1.2750293,-0.5806731,-0.514425,0.127825,-0.51327074,0.50590783,0.52196574,-0.24481438,-0.8238573,-0.1496436,-0.81902134,-1.9485251,1.0179996,0.63367236,-0.21653275,-0.36916324,-0.14719309,3.281153,-0.15932848,4.654496,0.0054387557
6.036076,1.1821101,0.49816334,0.9314957,0.037545163,-0.18541265,0.31069,0.38198113,1.1725916,-0.4831465,-0.52176523,0.3314235,-0.52073544,0.55228204,0.5222171,0.5472316,-0.46049842,-0.3499062,0.57688725,-0.099022105,-1.2568424,0.04390787,-1.699577,1.8942919,-0.022794334,0.94736767,-0.024020297,-1.1341621,0.0003020873
6.146124,1.1908092,0.527379,0.9548783,0.05278506,-0.11961744,0.26666996,0.4033233,0.88144857,-0.19878174,-0.556606,0.3505452,-0.52139866,0.31927535,0.5223505,1.4641552,0.39117193,0.31291485,0.30145398,1.6379123,-0.7301907,0.36796254,-4.095886,3.9219933,-0.7591717,-0.6943991,-0.001914658,-3.487067,0.0009214523
6.293636,1.2353299,0.50677234,0.9682131,0.04972802,-0.03252922,0.24296588,0.38894922,0.43279102,0.29008418,-0.7203862,0.23706962,-0.5219789,-0.04549009,0.5499121,1.4474206,0.48615116,-0.6579732,0.82811904,1.4839733,-0.43641448,-0.639622,-1.1516451,5.8290925,-2.4867291,-1.56332,-0.0036227587,-3.8069732,0.54022735
6.4406414,1.3242095,0.48692292,0.9530552,0.032131057,0.053587437,0.29627994,0.29151875,0.48646343,0.60023063,-1.031302,-0.02247746,-0.52199936,-0.5320317,0.59216285,1.3327204,1.2999864,0.5735518,-1.3536226,2.3895707,2.546118,-1.3114208,0.5937459,-0.65768266,-3.5819445,-3.6465127,-0.0005420932,-4.7286315,0.19071624
6.570014,1.4282541,0.52118623,0.924182,-0.045107085,0.11391351,0.36176884,0.27931464,0.67813665,0.40958187,-1.2310988,-0.46728143,-0.6267339,-0.5390114,0.49951857,1.4441392,0.9246544,0.36199126,0.8209543,-0.30060005,0.8843955,1.0024348,3.1266694,-3.1169727,-0.35501423,-5.24843,-2.0300643,1.8261734,-0.45659122
6.685978,1.5070629,0.5481585,0.93895614,0.040307473,0.07479997,0.33337918,0.518434,1.0875916,-0.0021086356,-1.1231041,-0.59028006,-0.74812484,-0.233584,0.5111573,0.6823522,0.44205633,0.41945753,0.83403236,-2.5348685,-2.2504625,3.777801,4.9931755,-5.080668,2.4748986,0.90493983,-0.43556416,4.1163516,0.16633894
6.7375846,1.4974883,0.5365073,0.9392563,0.0473889,0.0048638904,0.33989438,0.55950373,1.2618707,-0.57818973,-0.77274376,-0.44879514,-0.662123,0.25107074,0.5198818,0.6377664,-1.0305227,-0.34220183,-0.8203505,-1.8715523,4.1131024,-0.5162454,-0.6243218,-4.924061,4.4063115,1.8545947,2.1363513,5.51165,0.032877658
6.793701,1.4337088,0.51376295,0.90007484,0.06804759,-0.049697794,0.42751014,0.53078693,1.2290587,-0.5802709,-0.46820095,-0.15110533,-0.47241384,0.60083973,0.52160555,0.19710961,-0.30502936,0.048827022,0.6166218,0.75851417,-0.18293975,-0.11297404,-0.12154413,0.8758571,0.061881423,4.045354,-0.18968378,-0.27398378,0.006213217
6.804881,1.3993319,0.49005067,0.91469574,0.064219855,0.02006371,0.39850345,0.5261179,1.1107577,-0.5177791,-0.51976115,0.34445545,-0.5089655,0.48191437,0.5229398,0.05640206,-0.5248724,-0.33123648,0.37520587,1.8633246,-1.5803536,-0.012957253,-2.1937108,0.38567054,-0.7368989,5.8087015,-0.22703196,-1.9623467,0.008100592
6.7913384,1.3693644,0.48145536,0.9251187,0.03734185,0.006708369,0.37777776,0.52575713,0.76609087,-0.3484912,-0.7111694,0.5925187,-0.5195381,0.18461396,0.608784,-0.17701381,-0.039497524,-0.3111933,-1.0496546,-1.4395912,0.56946945,-0.00012722574,-4.6822486,2.9663594,-3.0527523,-0.743888,-0.035846706,-4.0734177,1.7173918
6.7910514,1.4310988,0.518204,0.91832113,0.07165906,0.020116981,0.38877583,0.5249565,0.45731598,0.05415849,-1.0952257,0.39592707,-0.52089286,-0.31799948,0.64513546,0.12757322,1.4898946,1.943453,1.3930186,0.69016963,1.1996015,-0.006520845,0.39218712,4.977388,-4.44369,-3.190929,-0.0031313056,-5.77039,-1.0792886
6.806154,1.5631963,0.6586134,0.88524437,0.114607185,0.06762565,0.44568416,0.52556366,0.50968516,0.40547118,-1.2668922,-0.04248294,-0.56604445,-0.5883198,0.4967268,0.18427408,1.1266423,0.8711365,0.85649157,0.50362587,1.0445564,0.0055843024,0.366382,2.0903232,0.84057367,-5.533763,-0.88499695,0.638825,-0.1824446
6.826369,1.6621602,0.6920572,0.8588344,0.13907544,0.09520221,0.48373345,0.52588063,0.53979105,0.46245092,-1.042723,-0.59994686,-0.6880645,-0.3845726,0.5127651,0.09647674,0.8929595,-0.17215797,0.6351097,0.3497446,0.15648706,0.001657783,0.2392218,-0.88321155,3.5947547,-1.6232269,-1.5448169,3.4080403,0.14810741
6.830796,1.7354544,0.6354075,0.8703647,0.13807341,0.0891328,0.4641727,0.5258564,0.6550307,0.24100785,-0.5621616,-0.55750895,-0.74648756,0.07780631,0.5201822,0.051873967,0.56991947,-1.0110686,-0.6771191,-0.6115409,-0.6267585,-0.0007485151,2.0362933,-3.5047634,5.978696,0.6963816,0.34547612,5.8000946,0.02672275
6.8297143,1.7944311,0.49657038,0.88475746,0.13517909,0.08587823,0.43767092,0.5256123,0.97322947,-0.22786203,-0.47640893,-0.38292092,-0.59481955,0.6221347,0.52130115,-0.297518,0.9742639,-1.4865881,0.18912756,1.181882,-0.90682733,-0.0016085847,4.289642,-5.8185697,-0.6474128,2.647275,2.6639292,1.2828711,0.0029977672
6.7785783,1.7625304,0.50747466,0.83902645,0.0991067,0.073577225,0.52990454,0.5256012,1.2796595,-0.62587583,-0.5144692,-0.051888894,-0.48600698,0.5393075,0.52157426,-0.5398448,-0.80886734,0.26296577,-1.1997707,0.48734048,2.0204158,0.001804653,-0.0672416,0.39209276,-0.15953119,4.362323,-0.41801822,-1.4750216,0.0071134213
6.729857,1.6724007,0.50274265,0.80717355,0.0577335,0.05355704,0.5850379,0.5256479,1.1633024,-0.5262186,-0.58530694,0.42836687,-0.5150571,0.40272886,0.5677067,-0.37726957,-1.0546921,-0.25065225,-0.74896955,0.07238884,0.31424046,0.00020336774,-2.1792464,1.2238075,-1.2398849,5.2136936,-0.13261713,-1.2527046,0.9021158
6.7566023,1.5679177,0.46219802,0.8143079,0.029947586,0.00034966305,0.57965994,0.5257333,0.84751153,-0.27919868,-0.80463827,0.5616686,-0.520664,0.17608163,0.6503231,0.8660874,-0.9535687,-0.43624538,-0.32221237,1.2760924,-1.763228,0.0023180195,-4.0012655,3.5509603,-2.9676137,-0.967235,-0.016060367,-3.2170055,0.71164083
6.817955,1.5663,0.55257446,0.84625596,0.044471353,0.033977862,0.5298289,0.5255614,0.47225702,0.16241595,-1.129645,0.34838912,-0.5214124,-0.2009237,0.59353936,0.5723384,0.40134668,1.2012839,0.52184284,0.059186004,-0.66952944,0.00047144238,-1.0788136,5.4704227,-3.9611735,-3.2453737,-0.0022624373,-4.6667223,-1.6073143
6.8896275,1.5951777,0.62471,0.8596744,0.06172757,0.033063427,0.5060202,0.5258101,0.50165784,0.58625317,-1.2488222,-0.100400686,-0.58190745,-0.52639174,0.49502203,0.88000214,0.10591106,0.22515494,-0.17011112,-0.37897208,-0.36258942,0.0015936624,0.5039293,0.8711115,0.8629462,-5.694593,-1.1887695,-1.65323,0.24558477
6.977798,1.5868547,0.5984265,0.87866646,0.054667857,0.017799184,0.47396192,0.52585036,0.6576853,0.48670033,-1.0255648,-0.59161955,-0.78803676,-0.48730588,0.51580226,0.73699737,-0.1944717,-0.74559,-0.23737985,-0.08017297,-1.4990809,0.00015287488,2.5846648,-2.3218741,3.55913,-0.52705246,-2.9088411,1.8793797,0.10466824
7.052218,1.5780444,0.4986924,0.9122242,0.021176813,0.041315805,0.40705228,0.5258296,1.0373622,0.13286866,-0.54879385,-0.54825294,-0.9336792,-0.17007801,0.5205567,0.85711473,0.17445195,-0.45194745,1.6260135,1.3426054,-0.4265723,-0.0015727867,4.707015,-4.7231936,5.907979,0.41046554,0.07589067,4.3751225,0.014394658
7.102669,1.5456665,0.5806073,0.93478507,0.095867015,0.05795475,0.33708692,0.5259614,1.2820942,-0.45367727,-0.47405872,-0.43621415,-0.77281773,0.3251089,0.52111214,0.28809252,-0.5189614,0.7245025,0.9836394,-0.91837555,-1.946517,1.9826848e-05,-0.5067351,-6.9838343,-0.70811886,1.685601,2.9937263,5.770794,0.004233443
7.1320553,1.530778,0.60460824,0.96470946,0.15044846,0.037697077,0.2127907,0.5254773,1.1352638,-0.6124533,-0.5135704,-0.18600997,-0.47173038,0.5852191,0.5213946,0.2923366,0.08401534,-0.16656864,0.7032044,-0.792498,-2.478102,-0.0037053549,-2.4030168,1.2287956,-0.15546457,3.2771373,0.285137,-0.6086168,0.0011160438
7.1644907,1.5466952,0.54896426,0.98166144,0.16042212,0.04441634,0.09291256,0.5254162,0.79104203,-0.46133912,-0.52686834,0.13028014,-0.5048942,0.41061693,0.5224674,0.32666513,0.43560332,-0.5999106,-0.8360117,0.5051869,-2.179874,-0.00022527686,-4.449605,1.7800118,-0.111447394,2.9687245,-0.2883829,-2.7426164,0.0064743645
7.182447,1.6730362,0.54389954,0.99483764,0.07593492,-0.0039058398,0.067206316,0.52477556,0.43142575,-0.16977663,-0.6347617,0.28137672,-0.5191335,0.08359597,0.52325815,0.2445111,1.4693707,-0.30918428,-1.3778068,-1.5174996,9.414344e-05,-0.003996174,0.288823,4.047396,-2.0201747,0.33672875,-0.05124343,-4.141904,0.0053557795
7.223772,1.8322508,0.49037123,0.9967242,0.052055422,-0.023504933,0.057258923,0.4849777,0.4979802,0.33178017,-0.9408424,0.20309375,-0.52117896,-0.36571705,0.5226027,1.118703,1.8781033,-0.09854269,0.717489,3.4472504,-0.5342583,-0.7689763,0.42528257,5.7394342,-3.9853585,-1.650351,-0.0025764196,-4.8364277,-0.0018312616
7.343492,2.0281084,0.52269274,0.99021846,0.015442366,0.12250821,0.06496704,0.3091201,0.5185725,0.61408573,-1.2645676,-0.053434305,-0.52192444,-0.59822696,0.5224049,1.1125704,1.8354052,0.14718679,-1.4151657,2.4876492,0.13187382,-2.7111588,0.070844494,-0.8957052,-1.0798583,-3.4390419,-0.0043704933,0.74581784,0.002918709
7.4024763,2.1684284,0.5850828,0.97955865,0.021481868,0.17574757,0.09547861,0.008639262,0.657477,0.42616683,-1.181462,-0.35258847,-0.6036367,-0.3996279,0.5215256,-0.41868737,1.0505238,1.7458686,0.20756917,-0.8406044,0.19894491,-3.0821095,2.5773332,-2.8212917,2.2488077,-2.5183084,-1.6225991,2.8795888,-0.008723503
7.3529863,2.2592905,0.7096505,0.9876747,0.021050075,0.1297883,0.0849149,-0.14587063,0.8508969,0.026514117,-0.8388854,-0.58800703,-0.6319475,0.014732312,0.52130044,-0.57752496,0.8525258,0.7004846,-0.24945703,-0.9507919,-0.7543074,-0.069887705,1.3182313,-5.119829,4.5668793,0.19125815,1.0123447,5.4005585,-5.994186e-05
7.288447,2.3408482,0.72883224,0.9949049,-8.50568e-05,0.087832645,0.049494278,-0.049896963,0.85893416,-0.57944715,-0.44980085,-0.5421035,-0.5004838,0.60557306,0.52132654,-0.5928614,1.0019917,-0.26487562,-0.03830643,-0.5160069,-0.39726058,1.9405651,-1.1108652,-5.647074,0.013108619,0.2949443,0.2508429,2.5233943,0.00016492384
7.2498574,2.4653976,0.64859265,0.9979685,0.0032928125,0.062857926,0.00984456,0.09520702,0.65014446,-0.5761333,-0.5008455,-0.47381708,-0.51356953,0.5444229,0.5219095,-0.3305968,1.3354809,-1.3183585,0.06364624,-0.47337842,-0.8311233,0.9693595,-3.0380838,1.5635772,-0.3688355,1.043623,-0.13942954,-1.7434356,0.004136348
7.217773,2.6055834,0.46930033,0.9989981,0.01358251,0.033875342,-0.025898129,0.16013005,0.48210788,-0.4555612,-0.5485844,-0.30628708,-0.52109,0.2916048,0.5223385,-0.30732435,1.4584051,-2.2506557,0.4790216,-0.767461,-0.56571525,0.34022835,0.3211948,0.8597004,-0.5827849,2.286209,-0.02874668,-3.2877598,0.0023014427
7.1890516,2.7492628,0.35247442,0.9991345,-0.0048156,-0.0055207647,-0.040947225,0.06743925,0.51435083,-0.39567408,-0.5062693,-0.009959855,-0.52221316,0.07361709,0.52134115,-0.32742113,1.1753817,0.7803708,-0.1124831,0.13882142,-0.2800273,-2.0416603,0.16948932,0.34553054,0.29005578,3.4894283,-0.0034727908,-1.1210736,-0.0074927947
7.146984,2.8710802,0.40858164,0.9977357,0.006743107,0.01890256,-0.064192615,-0.21262777,0.5220659,-0.2825984,-0.5151737,0.39917263,-0.54673356,0.051781885,0.52142966,-0.43431407,1.2153218,0.16647086,-0.23000212,0.0068553025,-0.6639592,-3.5706513,0.025149852,1.8959538,-0.116067216,4.708364,-0.50572383,0.6536511,0.0010052656
7.1180425,2.9888966,0.3786222,0.9973677,-0.0025862136,0.0019390577,-0.07243765,-0.5700795,0.5223673,-0.046541117,-0.5593879,0.5726864,-0.5685184,0.10497582,0.5223104,-0.09379867,1.0177841,-0.5843053,-0.17203532,-0.46804315,-0.020064685,-1.0495512,-0.0027197006,2.803317,-0.74506235,-0.5522019,0.09257192,0.42875302,0.0062631294
7.148267,3.0589268,0.41723225,0.9955382,0.016070027,0.014572695,-0.09183195,-0.4967284,0.52174795,0.14212462,-0.7405272,0.45427492,-0.49956205,0.10748832,0.5220145,0.34716052,0.5444154,0.88635975,0.5106826,0.6255748,-0.3003681,1.9964997,-0.002899672,1.1007226,-2.8277316,-1.9606807,-0.0716661,-0.373228,-0.0056224344
7.1865196,3.1051111,0.49018335,0.99402153,0.0378091,0.044016875,-0.09248909,-0.17094916,0.5213735,0.19196399,-1.065498,0.14001925,-0.5157242,0.028854467,0.52151316,0.41806054,0.3979862,0.66478354,0.21566772,0.6629455,0.29227716,4.476481,-0.0022185352,-0.08650802,-3.6183758,-4.2869935,-0.10302484,-1.1816053,-0.0020884997
7.231527,3.1346939,0.51005524,0.994368,0.03238135,0.06953216,-0.073136985,0.39034683,0.5213114,0.10998151,-1.2513527,-0.39451343,-0.5208351,-0.070757024,0.52133197,0.43580145,0.20406121,-0.08339928,-0.70978504,0.7051082,0.51470125,6.706029,-0.00016480719,-1.5119294,0.1439239,-6.370231,-0.018129023,-0.8288811,-0.00096715894
7.259141,3.1690435,0.48834586,0.9911504,-0.016226444,0.11542707,-0.06351544,0.59751505,0.52147186,-0.018512987,-1.1006159,-0.58652526,-0.52156913,-0.062427774,0.52124333,0.053821567,0.4029414,-0.4832559,-1.0622658,0.71141756,-0.18584962,-1.1097226,0.00087079656,-1.0688438,2.8621876,1.2222811,-0.0018584331,0.9627866,-0.00024088884
7.183055,3.2014043,0.48853236,0.9955798,-0.0042920806,0.07909774,-0.05045826,0.39449212,0.5671876,-0.05941728,-0.6890045,-0.3441369,-0.52247655,0.122242264,0.5212672,-1.2702851,0.32426286,-0.013504962,1.0307366,-1.3753272,0.535066,-3.0624235,0.9675594,0.2325916,5.333223,3.5939856,-0.006182539,2.8173985,0.0014138079
7.0456023,3.2364774,0.4478764,0.99831146,0.045291048,0.015541968,-0.032885116,-0.0017111945,0.70191586,-0.102225825,-0.47246554,0.08455185,-0.5492072,0.35613292,0.52133524,-1.467676,0.36142895,-0.8112089,1.0281293,-1.1229229,0.37685853,-4.834974,1.7123134,-1.0640413,-0.518277,4.954808,-0.5186838,1.8790324,0.00062551064
6.8564982,3.3532193,0.4854258,0.99772155,0.03945727,0.012110258,-0.05336794,-0.5656513,0.7374285,-0.17971098,-0.51176476,0.5856657,-0.61025524,0.45470914,0.5214625,-2.000216,1.5192827,0.89730626,-0.48997703,0.1988645,0.19280016,-5.2701907,-0.870345,-0.5328724,-0.18757926,1.5606798,-0.81086063,0.07158289,0.0019450272
6.669576,3.4875116,0.52356267,0.99790084,0.013988516,0.01872114,-0.060396932,-0.56041163,0.5415034,-0.20865318,-0.648836,0.54725647,-0.55877864,0.389469,0.6370281,-1.8124506,1.3068066,-0.1220642,-0.3802452,0.068810955,-0.27790388,1.8135061,-3.0136714,-0.06045133,-2.519315,-0.8667075,1.7999809,-1.3649178,2.2688353
6.6022053,3.6096601,0.50989753,0.9995426,0.026222402,0.014594687,-0.0037359253,-0.2567976,0.49911243,-0.20806798,-1.0173945,0.38146678,-0.50151706,0.13651563,0.7215913,0.9041515,1.3235185,0.2970423,1.7238592,0.503736,2.0892477,4.230852,0.334654,-0.12891537,-4.6173353,-2.189224,-0.2538468,-3.7006602,-0.5717598
6.6899133,3.7379968,0.5382775,0.99353826,0.07424926,0.018591296,0.08380416,0.2779808,0.5176806,-0.24993703,-1.2611476,0.056282505,-0.5177701,-0.2578009,0.52436286,1.0435108,1.2587818,-0.1715874,0.390814,-0.21633618,2.269347,6.4077044,0.072515085,-0.70871854,0.20808922,-4.313497,-0.070524625,-4.101109,-3.2265496
6.7799516,3.8584335,0.49038038,0.97432,0.084143415,0.0009004536,0.20885319,0.5939105,0.52101344,-0.41555282,-1.1053935,-0.29644337,-0.5210466,-0.5374562,0.49079522,0.6607537,0.85564435,-0.5160383,-0.6820817,0.3436751,2.1447215,-0.59821224,0.010559924,-2.5648694,2.829484,-2.7483356,-0.011273512,-0.8343641,0.45484897
6.852694,3.9102237,0.42595834,0.96336555,0.014801452,0.008300324,0.26765436,0.42319027,0.5227677,-0.5632865,-0.70304817,-0.4174319,-0.5221566,-0.47665632,0.5162612,1.2447504,0.118566245,-0.91033256,-1.7526696,0.07014943,0.37289283,-2.7646058,0.010649298,0.31250954,5.093481,0.25756454,-0.0057263025,1.8562924,0.10128653
6.9418583,3.9124224,0.37073293,0.9588028,0.0048525846,-0.012700378,0.2837468,0.07981841,0.5572301,-0.53181094,-0.44017738,-0.27435878,-0.52197295,-0.17980838,0.5208213,0.0733911,0.17662895,0.21246673,0.5468534,0.6429104,-0.31282443,-3.9322472,0.5366427,0.18958402,-0.8141542,2.3913944,0.0035280758,4.071851,0.014660556
6.9338455,3.9367995,0.4063823,0.966291,0.009983314,-0.0023799834,0.2572476,-0.3615977,0.5972413,-0.46623918,-0.5050462,0.058472414,-0.52299184,0.16900226,0.5213546,0.07495398,0.21761616,0.17365026,-0.10282939,0.14569564,-0.88026255,-5.072123,0.39143005,1.1826123,-0.31500515,4.3680453,-0.011458427,2.9278276,0.0009317915
6.9540277,3.9561715,0.40428483,0.9824563,0.010485131,-0.0022559625,0.18618402,-0.60816175,0.6188816,-0.26224074,-0.5207466,0.5753268,-0.53052616,0.36304384,0.52195585,0.13447459,0.21222489,0.03572236,-0.09259577,-0.17924581,-1.9888153,0.86379606,0.007955216,2.871836,-0.05446234,4.727602,-0.08997146,0.982339,0.004172419
7.008528,3.996477,0.3893647,0.99247515,0.011381459,0.009332438,0.12155839,-0.46811053,0.50477225,0.091113485,-0.6574359,0.5652845,-0.5151269,0.32821968,0.52289444,0.8069935,0.87540454,0.4142458,0.69668525,0.7780533,-0.80163276,1.9077603,-0.8325813,4.094038,-2.487898,-1.5157658,-0.05849761,-1.545615,0.002279294
7.0795465,4.1099696,0.47894347,0.9892578,0.06038631,0.028741468,0.12998605,-0.16377287,0.50971925,0.4361848,-1.0105497,0.29305086,-0.52000844,0.065952584,0.5218028,0.646764,1.2262222,1.1769134,0.94510114,0.4314662,1.0640311,4.15105,0.18602137,2.8502882,-4.522389,-3.9044232,-0.02523779,-3.697871,-0.010220433
7.150359,4.2197785,0.5640415,0.97985685,0.075736344,0.045245986,0.1791575,0.36636597,0.51992553,0.54944813,-1.2569064,-0.21436054,-0.5217743,-0.17840712,0.5213692,0.7961637,1.0191541,0.32429162,-0.033870514,0.09047713,0.88886374,6.4153996,0.039539363,-0.47182235,0.056124542,-6.2072597,-0.007899061,-1.2324266,-0.00040188315
7.202031,4.3214393,0.5489389,0.9684201,0.074500114,0.050317757,0.23255196,0.5978554,0.52206,0.38467616,-1.1091771,-0.6117272,-0.5218647,-0.16065724,0.521292,0.25210747,1.0373098,-0.6245411,-0.05536158,0.2795665,0.80803496,-0.86285126,0.008242421,-2.7741377,2.8543587,0.30938515,0.0007300191,1.5552355,-0.00043499633
7.209606,4.4089913,0.45489496,0.97135264,0.017631663,0.027764514,0.23535584,0.4308497,0.5842596,0.06967458,-0.7015222,-0.45426676,-0.52228,0.10722987,0.5215024,-0.035347246,0.80992293,-1.4121956,-1.4343164,-0.29225978,-0.16524112,-2.468041,1.2265518,-3.5148058,5.254115,2.7363164,-0.0030634105,3.8137116,0.0019421098
7.1338644,4.4669456,0.39291537,0.9711146,0.05055707,0.0023088772,0.23318473,0.090611346,0.7851567,-0.28763962,-0.42945164,-0.066541284,-0.5216339,0.44811633,0.5212889,-1.8185608,0.5810085,1.1493698,1.2370946,0.019248888,-0.85717607,-4.1726804,2.6442475,-3.6124656,-0.9371662,4.8314414,0.0073875077,2.9648688,-0.0041445913
6.939199,4.540249,0.5113651,0.97897357,0.08356958,0.039025642,0.18194455,-0.2931845,1.0158935,-0.5770391,-0.5025985,0.43300357,-0.5216399,0.5485915,0.52178437,-1.8412789,0.9251958,1.3156015,0.40715265,-0.06173833,-1.2790174,-3.4896977,1.8767582,-0.0019441308,-0.35548344,5.1689095,0.0005215117,-0.3750794,0.004967346
6.7774105,4.6302896,0.58986145,0.98534846,0.09275014,0.027578996,0.14044668,-0.5380845,1.0800487,-0.53938985,-0.51916516,0.57285696,-0.52138925,0.49465668,0.61771804,-1.4923377,0.8517391,0.26801997,-0.05847142,-0.469068,-0.5897641,-0.7452015,-0.55238503,0.27087456,-0.054616798,-0.6549487,0.0016837935,-0.6905785,1.8797961
6.667993,4.683515,0.57369703,0.98999846,0.1061932,0.014494245,0.09173863,-0.5041302,0.9228598,-0.50519496,-0.57403916,0.4551241,-0.5216231,0.41193178,0.77904826,-0.52605015,0.13112499,-0.48233706,0.8028355,-0.9383839,-1.2249954,1.1084787,-2.5464177,0.3613345,-1.0343025,-1.6952488,-0.0017999202,-0.9180517,1.3276037
6.671151,4.7136116,0.55295116,0.99180925,0.0884246,-0.024519002,0.08884992,-0.28546754,0.59507716,-0.41818374,-0.77015024,0.27498832,-0.52197385,0.23293707,0.7991921,0.42121297,0.35273492,-0.30267215,-1.0645757,-0.17331724,0.41879472,3.2432666,-3.9953883,1.4305216,-2.887717,-1.937468,-0.0035961177,-2.708939,-0.8711888
6.7446027,4.7579145,0.50865537,0.99059886,0.07227371,-0.00522864,0.11603045,0.14268674,0.4794346,-0.1914089,-1.1638279,-0.016996538,-0.52180785,-0.13092834,0.5923699,1.2933455,0.67950195,-0.10914235,2.0125198,2.99033,0.570621,5.286383,0.5454326,2.976611,-4.8025503,-3.7530549,0.0020530245,-4.5409627,-3.257402
6.854926,4.8653407,0.5171383,0.97734135,0.08808314,0.022173679,0.19118983,0.60454714,0.5138396,0.09245644,-1.262354,-0.42520976,-0.5215509,-0.55501187,0.47905177,0.83739823,1.0389094,0.14617309,-0.69715255,-0.17299245,0.8730241,0.32743058,0.14820667,2.676248,1.2793674,-4.353147,0.001134663,-1.8042021,0.5387722
6.942104,4.953169,0.51304716,0.9816842,0.045255557,0.02574209,0.18326317,0.5488399,0.52118385,0.23524366,-1.0079731,-0.5553078,-0.52239615,-0.5043328,0.5135553,1.1874746,0.65833354,-0.39500016,-1.5229315,-0.12137745,-0.3139941,-0.5107768,0.025737723,0.28603965,3.6984277,0.9223155,-0.006136009,1.8905859,0.15078232
7.088072,5.0006437,0.43759045,0.98311585,-0.031877168,-0.016682446,0.17941226,0.3930053,0.57987607,0.25912696,-0.5381117,-0.36302894,-0.52299446,-0.19265981,0.5204455,1.4199957,0.32529688,-0.9710001,-0.0039046432,-2.07311,0.7394252,-2.447677,1.0677722,0.11851283,5.655341,2.8863115,-0.0011390813,4.2826395,0.02174682
7.15232,5.0439315,0.41009462,0.9825816,0.043346,0.022132516,0.17934495,0.04538466,0.69203025,0.30483115,-0.47196838,0.026949257,-0.52326035,0.21195515,0.5209677,-0.49965173,0.35307255,1.1402943,0.6560343,0.22091329,-1.6336814,-4.3067403,1.1011306,0.8124906,-0.72725517,4.815094,-0.003051679,3.6574004,-0.0024712489
7.1055336,5.0769486,0.4798965,0.994471,0.042630292,0.025448877,0.09253364,-0.3331458,0.6890569,0.3205853,-0.51329345,0.44916895,-0.52279156,0.5230722,0.52162546,-0.4141541,0.3290274,0.18799214,-0.16372432,-0.04974169,-1.6045978,-3.2879229,-1.1196595,-0.48242378,-0.16509035,3.6517322,0.0011491514,2.6024714,0.0053732167
7.07913,5.116708,0.4502316,0.9980995,0.036859445,0.029226927,0.039806865,-0.5410872,0.49443105,0.29954833,-0.65482163,0.5601141,-0.52215135,0.52455664,0.5229053,-0.14608558,0.42989722,-0.7311194,0.064623676,-0.23808654,-0.71979594,-0.48253697,-1.0455426,0.05919708,-2.6218228,-0.6820793,0.00428203,-1.3237202,0.0074495687
7.0711637,5.1726584,0.4531397,0.99544376,0.04646498,0.024107601,0.07969682,-0.45209244,0.50505805,0.2205225,-1.017014,0.37026408,-0.52142334,0.2802136,0.5214738,-0.03230395,0.6142608,1.2864399,1.0374871,0.768313,1.8230743,2.201194,0.2658451,-1.6158898,-4.369188,-3.0657148,0.003575173,-3.5932508,-0.012573068
7.082148,5.22989,0.552712,0.9811599,0.085978046,0.042012908,0.16783297,-0.10661854,0.5188414,0.04728937,-1.2611067,-0.0568642,-0.52170473,-0.03574818,0.5212101,0.25974905,0.53416765,0.47595757,0.48577166,0.12607488,1.7056718,4.6708193,0.050662074,-1.8363701,0.018898768,-5.4375443,-0.0025879731,-2.7449965,0.0016467497
7.1078916,5.2806025,0.5519843,0.9686098,0.094280235,0.034944184,0.22734377,0.46837324,0.521137,-0.22039433,-1.1169472,-0.55305207,-0.52175707,-0.18962792,0.52127284,0.12803507,0.54425204,-0.40766886,-0.42633164,-0.2649641,0.30252185,6.8035555,0.007274409,-3.4779594,2.8172252,-2.077238,8.9477784e-05,-0.37651223,6.646468e-05
7.083193,5.334364,0.4703568,0.9661258,0.062092785,0.00995903,0.25029233,0.557426,0.5216702,-0.51906645,-0.71112883,-0.50764394,-0.5214388,-0.1478506,0.5212924,-0.44805893,0.49433443,-1.2613316,-1.1709607,-0.42553118,0.2700111,-1.4502636,0.0025961385,-2.5009413,5.262681,1.9080751,0.002308927,1.1972708,0.00041144626
7.0097866,5.402059,0.37280822,0.9747522,0.0013298314,-0.0034999019,0.22325817,0.29412845,0.61957556,-0.5451188,-0.43392617,-0.19932604,-0.521544,0.03013912,0.52112406,-1.5210236,0.63906544,0.17160456,0.40013263,-0.49904603,-0.33308142,-3.5376308,1.7652824,0.40286615,-0.8668491,4.130157,-0.00023671378,2.244818,-0.001977453
6.8002453,5.485515,0.4547664,0.97798395,0.031159446,0.020583618,0.20531149,-0.15599824,0.71666926,-0.40005767,-0.5032968,0.30649176,-0.5956077,0.18011007,0.5210837,-2.2103715,0.98498887,0.8485392,0.3761065,0.3343834,-0.7520057,-5.5470533,0.28623375,2.4245102,-0.34170908,6.089246,-1.5305228,0.78620774,0.0025456804
6.6978426,5.5989704,0.49355942,0.9951469,0.012859128,0.0029130713,0.09751343,-0.63167495,0.64277786,-0.13778435,-0.5681987,0.61934435,-0.68123496,0.14075457,0.5540643,-0.3470322,1.1224545,-0.07832819,-1.3144587,-0.59726703,-2.2566838,-0.060133178,-1.7338243,2.9958155,-0.87298137,-0.9159495,-0.22922163,-1.5661321,0.6371178
6.6708045,5.6913443,0.4515316,0.9997101,-0.019008493,0.012851733,0.0072958022,-0.47806105,0.4705791,0.05072904,-0.78196746,0.44399512,-0.5644846,-0.08644857,0.529663,-0.19325677,0.5694831,-0.47269517,0.9197695,2.0314558,-0.8013124,2.7359452,0.1954659,0.8590301,-3.3282027,-2.5743763,2.5159333,-2.965289,-1.1108732
6.695469,5.69111,0.48261026,0.9958933,0.05097381,0.060389925,0.04417323,-0.117491685,0.50817513,0.06034818,-1.1731235,0.093648955,-0.490556,-0.4634454,0.5125479,0.7898288,-0.3047634,0.7495355,0.46213892,-0.28233737,2.9018319,4.5381775,0.23628412,-0.70499706,-4.5374074,-4.3317966,-0.40458694,-4.6242814,0.12685849
6.7817883,5.6434813,0.5796159,0.98156166,0.06286245,-0.002836605,0.18049094,0.44228616,0.5196243,0.027602017,-1.2648629,-0.38896063,-0.5160834,-0.57745916,0.5196476,1.2099231,-0.4146806,0.7774372,0.14936613,-1.9092559,2.9576952,6.6227937,0.039296478,-0.0016287059,1.097898,-5.4644012,-0.107597895,0.7414044,0.030707631
6.8749647,5.6135335,0.6133575,0.94007325,0.11171282,-0.08491692,0.3107598,0.60528946,0.5219927,-0.018196413,-1.0463747,-0.5683015,-0.52094215,-0.4152152,0.52102596,0.85739285,-0.07998185,0.016319431,-0.63399684,-0.3020533,0.9664338,-1.0866435,0.008944905,-0.8455924,3.0767088,0.64642584,-0.0122858025,2.523829,0.005141038
6.988417,5.6001396,0.59108233,0.94875777,-0.018378776,-0.090175584,0.30230665,0.53770834,0.5224139,-0.1689276,-0.64707136,-0.4271347,-0.5224202,-0.05971994,0.5214212,1.369555,-0.3588818,-0.51488805,-2.8804343,1.1478809,0.14973915,-0.27849737,0.0018272744,-2.1918452,5.025381,2.310363,-0.009198993,4.5207667,0.001388765
7.112888,5.5601296,0.52251095,0.9471151,-0.075317554,-0.020443195,0.31125924,0.43863982,0.61613095,-0.34581524,-0.46543917,-0.12044113,-0.5223278,0.44431394,0.5220005,1.0536529,-0.41619048,-0.80064106,2.6381173,1.3171842,0.9417037,-1.6245952,1.7551094,-1.3869795,-0.67611873,3.7922251,0.002801868,5.526096,0.004327184
7.193915,5.520828,0.430475,0.9312097,0.04792423,0.04693602,0.35825804,0.26246855,0.80534977,-0.5389075,-0.5109163,0.33367866,-0.5217059,0.5796693,0.5216764,-0.15731455,-0.3820751,-0.14857498,0.50883704,-0.8555182,0.07265698,-1.8412412,2.0239694,-1.968743,-0.20407869,5.0415325,0.007175663,-0.8304643,-0.0064718137
7.107771,5.507986,0.49782804,0.9379105,0.05242829,0.027910655,0.34175456,0.017869528,0.96046966,-0.5204481,-0.5213478,0.58804834,-0.52192974,0.4662141,0.5219181,-0.8934403,-0.0013508771,0.47095054,-0.024981383,-0.43220842,0.08014924,-3.1450422,1.2228599,1.2632906,-0.037608717,-0.5278086,-0.0055621415,-1.5667961,0.0043735458
7.040604,5.5123935,0.50269854,0.94343776,0.06995662,0.01619435,0.3236805,-0.29494807,0.9690729,-0.3411251,-0.5923676,0.5284444,-0.5217857,0.29362994,0.5507245,0.006259427,0.118109524,-0.16977428,0.7848664,-0.14132023,-1.2859235,-3.0876052,-1.0100896,2.1989396,-1.3827461,-0.5020218,0.0029867808,-1.8652742,0.563889
7.0956745,5.560302,0.493711,0.9553014,0.059980087,0.027970137,0.28813076,-0.541786,0.77258193,-0.075242616,-0.8391403,0.4807116,-0.52171636,0.031167189,0.5240532,0.5782374,0.68312603,-0.34184456,-0.5657798,-0.58176404,-0.027109092,-1.5733066,-2.8788614,3.2227511,-3.5382187,-0.5878475,-0.001166936,-3.3107111,-1.0937315
7.1582103,5.649596,0.51667225,0.9449271,0.06461944,0.06064232,0.31505498,-0.50236076,0.4518163,0.20772615,-1.2514857,0.321034,-0.5215696,-0.3765174,0.51073295,0.6800709,1.2243549,1.2829425,0.35173976,0.76883256,1.7008679,1.665887,-0.774723,2.4187655,-1.9222118,-2.5987482,0.0008159901,-4.7319927,0.1518346
7.233787,5.7605953,0.5935234,0.9228681,0.061180852,0.07709839,0.3723268,-0.20906505,0.49629426,0.37426713,-1.2006828,-0.055445198,-0.52253157,-0.57729965,0.5195194,0.8142951,1.006319,0.24107364,-0.29524377,0.31547746,0.7325688,4.157265,0.4605222,0.9337832,1.991013,-4.8933964,-0.0069689495,0.64130425,0.035700556
7.3204794,5.8549256,0.56564903,0.9145528,0.034731995,0.07497985,0.39593545,0.31985003,0.5186724,0.35063332,-0.87166137,-0.56236553,-0.5221314,-0.3847483,0.5210786,0.87277275,0.9011325,-0.778717,-0.7413573,0.114586934,0.087339796,6.3851357,0.07722846,-1.3597269,4.5463676,-4.2754555,0.00417024,3.1717515,0.004662601
7.3734646,5.9342566,0.45509988,0.9247012,-0.028967835,0.055114083,0.37556756,0.6034808,0.52203745,0.21259782,-0.44762543,-0.54532725,-0.52152836,0.045229953,0.521225,0.2630214,0.50830036,-1.2589755,-2.432354,0.19203188,-1.2586821,-0.8275464,0.010159674,-1.4078602,0.32377523,1.8707197,0.0034120134,5.333774,-0.00022626371
7.3472786,5.9146605,0.38076174,0.93193597,0.020392757,-0.003432696,0.3620327,0.4449888,0.55878824,0.18459411,-0.49760413,-0.26123598,-0.522353,0.57348573,0.52124053,-0.5206122,-0.2616207,-0.8849449,1.5510037,-1.1016518,-0.081214294,-2.5810733,0.8338592,0.8477127,-0.41755405,3.7480702,-0.0056725736,4.406189,0.0014043305
7.195652,5.9567966,0.40526286,0.94171095,0.022030003,0.012754975,0.33545867,0.07576028,0.65758944,0.35046458,-0.5180393,0.19001457,-0.52483433,0.55139834,0.52099353,-2.2905095,0.59882694,0.90669024,0.6057128,0.9068443,-0.4928988,-4.7288413,1.1174419,2.4164555,-0.071028896,5.407855,-0.09346735,-1.8901509,0.0015708338
7.0467052,6.0330186,0.46502936,0.941194,0.02384395,0.030414384,0.335649,-0.3909221,0.69350463,0.50680435,-0.5923274,0.57682145,-0.5209739,0.29424226,0.52255803,-0.38691908,1.0159546,0.31915918,0.15118311,0.3632364,0.65572506,-4.6061707,-0.3719644,0.74035907,-1.4183311,0.28425524,-0.014252902,-3.241215,0.011331833
7.030101,6.1374226,0.46954858,0.91931754,0.015215075,0.046984375,0.39040518,-0.57354003,0.54683906,0.53037405,-0.86034364,0.47395828,-0.52140194,-0.061667327,0.52248704,-0.061370116,1.0831212,-0.27889732,-0.63450104,-0.018523669,1.7144959,0.79787093,-2.5207555,-0.12819989,-3.9044127,-2.1471074,-0.00042221823,-3.8497314,-0.0021307543
7.0249367,6.26372,0.51094633,0.87106854,-0.029540017,0.09004113,0.48193315,-0.36442828,0.50840473,0.5252225,-1.2788658,0.13217996,-0.52156377,-0.5106552,0.5213284,0.26518625,1.3655661,0.861769,-0.5576254,-0.58365583,1.1855835,3.2639737,0.3265378,-0.011467869,-1.2886509,-4.63817,-1.7161503e-06,-5.129955,-0.002853636
7.059013,6.3873105,0.55231315,0.86336803,-0.04203872,0.04056472,0.5011815,0.08236095,0.5945936,0.52212405,-1.2209197,-0.39859465,-0.52259666,-0.5650269,0.52129525,0.40834457,1.193078,-0.014304084,-0.72833383,-0.6907224,0.07598608,5.6162467,1.3775972,-0.05272655,1.4885736,-5.9724417,-0.0074138106,0.9182143,0.00017444965
7.098657,6.503328,0.5236676,0.87550396,-0.045129728,0.019034326,0.4807222,0.64331377,0.6749537,0.48914245,-0.94823956,-0.58513135,-0.52189326,-0.3510403,0.5212566,0.27618846,0.9514053,-0.46938345,1.2926737,-0.8407566,-0.37075078,1.250703,0.2327553,-0.64051086,3.9071589,0.98477376,0.0064363643,3.3010283,-0.00055098446
7.119125,6.586822,0.42143032,0.8846227,0.024167204,0.016083466,0.465403,0.53468907,0.6275872,0.40979293,-0.4754203,-0.40574238,-0.5223548,0.077347875,0.5212858,0.1653218,0.7512479,-1.5394962,1.267329,-0.28843036,-0.45578438,-2.025875,-1.156703,-0.93778557,2.2861457,2.5823412,-0.00461583,5.239059,8.09494e-05
7.065225,6.6179967,0.37880296,0.9219033,0.0056017903,-0.0013971365,0.38737696,0.22931035,0.53623396,0.40477774,-0.48940843,-0.039806757,-0.5694411,0.5117926,0.5209955,-1.3669261,-0.088877715,0.7398559,0.43675867,0.46482298,-1.5820183,-3.9608376,-0.7359808,0.7938817,-0.5146196,4.651633,-0.866757,3.5013614,4.9351827e-05
6.9171596,6.6290417,0.41812578,0.9416141,-0.0058729276,0.022787374,0.33587068,-0.23793796,0.5137895,0.5375211,-0.51684105,0.37847626,-0.6429812,0.5311692,0.52118313,-1.4945748,0.22603716,-0.008866126,-0.41042623,0.23628375,-0.6181391,-5.359193,0.117889374,0.7451686,-0.10375763,3.7382016,-0.6328934,-1.4300064,0.0015831584
6.7822433,6.6521697,0.3931135,0.93894213,-0.008645809,0.010942,0.3437924,-0.58572257,0.52030545,0.53401875,-0.65536577,0.5637247,-0.5943435,0.29389682,0.52166796,-0.81114775,-0.015471242,0.031887997,0.6439391,0.40294257,0.33029357,0.08448058,0.022503499,-0.15674873,-2.5192528,-0.33242774,1.5660763,-3.268558,0.0032871207
6.7126966,6.6465654,0.48617938,0.9141717,0.031220013,0.045806203,0.40151858,-0.44618037,0.52142346,0.4707468,-1.0026271,0.3923825,-0.48702407,-0.061735462,0.5212826,-0.6429968,0.006165681,1.0523418,0.58323497,0.7134987,1.8819606,2.7162478,0.004481285,-1.1168675,-4.574419,-3.0404136,-0.3251157,-3.9185576,-0.00016896575
6.6605105,6.660005,0.5392645,0.87249416,0.045276955,0.064889885,0.48217553,-0.047067534,0.5225065,0.4592746,-1.2971435,-0.03680073,-0.5149937,-0.4547009,0.52126324,-0.3525576,0.3499183,0.10138917,0.4600378,0.011855374,1.5690639,5.2310996,0.006993912,0.8443732,0.3425756,-5.4978585,-0.14183137,-3.9396443,-0.0001552389
6.6312647,6.685612,0.51358014,0.8583418,0.041893672,0.057374198,0.5081363,0.5928522,0.547826,0.44762307,-1.1269091,-0.6015074,-0.5210183,-0.54521734,0.5212509,-0.28200886,0.25430483,-0.4370021,-0.42565787,0.36029825,-0.50178206,6.0680203,0.49447447,-1.0283766,2.9597957,-2.300427,-0.017691204,1.0764731,-0.00020482636
6.5691533,6.6810074,0.4325209,0.8740727,-0.02273651,0.04803595,0.4828794,0.588746,0.570006,0.37340063,-0.722166,-0.5501379,-0.5214101,-0.31267977,0.52125806,-0.7112474,-0.19116366,-1.2549065,-1.6981902,0.36261457,-1.0205027,-1.4289123,-0.03958372,-0.45813093,5.106686,1.3807048,0.000440248,3.5622041,0.00020485686
6.4540677,6.5682836,0.38386315,0.8917212,0.015693618,-0.004374387,0.45229182,0.38458204,0.5824677,0.41740623,-0.44608468,-0.29056495,-0.52288467,0.12409187,0.52119696,-1.4065708,-1.4598635,-0.3535922,0.67640346,-1.2427683,-0.904871,-2.833761,0.39559895,1.3262792,-0.6975898,3.7662125,-0.010238041,5.3024907,0.0016904977
6.316129,6.5233355,0.39089346,0.9262846,0.0040808795,-0.0022998725,0.3767955,0.008007955,0.58784765,0.5511281,-0.50589806,0.16501151,-0.55971205,0.5117097,0.52126604,-1.507228,-0.027108429,0.19021481,-0.24973774,0.5805449,-1.8746232,-4.7047048,-0.2663086,0.07606686,-0.29998422,5.3146777,-0.72864807,2.4899647,-8.455407e-05
6.1308985,6.5271487,0.42045236,0.9385237,0.0005979026,0.014937065,0.3448909,-0.5196198,0.50532144,0.53293705,-0.55437297,0.59424865,-0.5959751,0.51332885,0.521353,-1.774407,0.22567187,-0.009073076,-0.32089067,-0.34720322,0.19568565,-5.942997,-0.10401847,-0.14440152,-0.6431121,0.297266,-0.10253582,-1.4677749,0.0015770321
5.9972763,6.536127,0.40677083,0.9372693,0.004877797,0.028924247,0.34736997,-0.5622088,0.5159577,0.4876225,-0.7529427,0.49635968,-0.49270454,0.29379416,0.52216864,-0.54776114,-0.13233025,0.75724864,1.5895464,0.030156998,0.94308335,1.5660958,0.09174676,-0.69126767,-3.041663,-1.8627212,0.4474435,-2.83835,0.0019945335
6.0001507,6.5297213,0.50559574,0.8994564,0.07786525,0.04877302,0.42724285,-0.27801964,0.52090174,0.4174164,-1.1115851,0.19862331,-0.50946015,-0.0010993347,0.5213567,0.27101377,-0.032893434,1.1175307,0.784982,0.5186301,2.1690698,4.0815473,0.018507801,-0.711705,-4.257397,-4.0947638,-0.20140469,-2.9581325,-0.0048814085
6.0425115,6.532396,0.5618764,0.8482519,0.09406959,0.051204022,0.51865,0.2519443,0.5225047,0.35825518,-1.2452182,-0.32112563,-0.5204486,-0.21648945,0.52125293,0.7410581,-0.032828443,-0.024073465,-0.45548728,-0.2347565,3.2875373,6.4433966,0.007738945,-0.5075807,0.8655011,-6.126858,-0.041182756,-1.399562,0.00038390324
6.1123843,6.542586,0.5335781,0.76307106,0.12080579,0.023021039,0.6345065,0.6049545,0.5957496,0.19932817,-1.0402163,-0.5921664,-0.5217268,-0.22377437,0.5212522,0.8558126,0.5576602,-0.3785741,0.5268721,-1.3932906,1.3849454,-0.6509827,1.4486989,-2.650372,3.005709,0.6623568,4.273591e-05,1.2360488,0.0004464677
6.1910667,6.628096,0.48519564,0.8065388,0.059775762,0.013714437,0.58799136,0.5290733,0.72740513,-0.120166846,-0.63990766,-0.44120866,-0.5216033,0.018332226,0.52129555,0.6970114,0.83448046,-0.8700833,-1.4928226,1.2112657,-2.0409813,-0.7200427,1.2095459,-3.75121,5.1644597,2.5228007,-0.00076566887,3.514187,7.2853945e-05
6.236576,6.659825,0.4189545,0.8542491,0.056263704,0.03616326,0.5155434,0.3760139,0.8914425,-0.39569092,-0.45882815,-0.0748388,-0.52162266,0.41837996,0.5214411,-0.09684673,-0.68365645,0.8090045,1.5546179,-0.8152915,-1.885546,-2.023368,1.9096651,-1.8076111,-0.7745658,4.6373224,0.0029221005,4.2867947,-0.0024072886
6.195354,6.6157064,0.4983722,0.9053644,0.074911915,0.06820528,0.4123731,0.22813524,1.0242482,-0.56080204,-0.5096898,0.387362,-0.52158177,0.5621821,0.52153224,-0.71854895,-0.18873341,0.70158803,-0.0810747,-0.1163229,-2.2277505,-0.97912157,0.7886181,-0.040158994,-0.22469674,4.614343,0.00036813796,-0.49745956,0.0003138965
6.136407,6.60688,0.517563,0.9410245,0.06272477,0.060052756,0.3270049,0.123490565,1.0459095,-0.49743867,-0.5212565,0.587167,-0.5217192,0.47795925,0.5335427,-0.45633847,0.006253603,-0.3265247,-0.30486408,-0.36405325,-1.430476,-1.111439,-0.3351177,1.2061112,-0.042402167,-0.6889335,-0.0010975099,-1.1768693,0.23626961
6.0796437,6.6131473,0.4702051,0.9493085,0.059589617,0.026975628,0.30746505,-0.06991992,0.932741,-0.28050926,-0.5435846,0.53684205,-0.52263206,0.3101059,0.5208034,-0.65758187,0.1771282,-0.5298033,-0.9122857,-0.41204673,0.41148672,-2.7390532,-1.9087775,3.1087039,-0.39278585,-0.23665816,-0.0061425385,-2.180227,-0.22880036
5.9871755,6.6185617,0.423269,0.9392788,0.02824069,-0.00028156137,0.34199086,-0.34981608,0.7295769,0.09378125,-0.67370194,0.5260172,-0.5223579,0.06656368,0.51987624,-1.1300602,0.0055354727,-0.63923097,-0.83342445,-0.1687707,0.9246918,-2.8861918,-2.1520402,4.3664484,-2.1725276,-0.034783427,0.0028310502,-2.6783407,0.03478144
5.9374447,6.6854286,0.4804393,0.92706573,0.045656234,0.04285441,0.3696324,-0.49700314,0.49507022,0.4886874,-0.98310614,0.46859783,-0.52156097,-0.27012652,0.52093744,-0.045254055,0.97528744,1.056707,0.61415076,-0.1966288,1.3422972,-0.12692837,-1.0238043,3.7472646,-4.0590253,-1.245461,0.0029799251,-4.029143,0.0043627284
5.9425592,6.7661376,0.572147,0.889501,0.045345787,0.07153694,0.44901472,-0.37186208,0.5067074,0.54875743,-1.2956448,0.21326154,-0.52177364,-0.5762735,0.52123135,0.16683774,0.72999394,0.40284702,-0.12087871,0.5050147,1.3164133,2.6111948,0.2690976,-0.35039747,0.189751,-3.8039265,-0.0018342959,-0.15318455,0.0025964722
5.9802756,6.829336,0.5574324,0.8518892,0.024351083,0.071287446,0.5182759,0.013985436,0.52107835,0.45867673,-1.1474574,-0.2442577,-0.5220844,-0.48958805,0.52129555,0.7716963,0.3649658,-0.7165952,-1.1742489,0.08756088,2.7180252,5.0437326,0.048870638,-1.4612404,2.6937063,-5.2177463,-0.0009153927,1.6758361,6.243347e-05
6.0565195,6.865919,0.44135946,0.7803151,-0.018708374,0.033146866,0.6242272,0.5769852,0.5859603,0.26249173,-0.81057525,-0.58644974,-0.5215744,-0.2076632,0.521275,0.5475661,0.2738531,-1.6045638,-1.0914596,-0.10883257,2.4818904,2.6157827,1.2344602,-2.4443572,4.0164485,-0.025802178,0.0035202184,3.9213734,-0.00036865153
6.1237082,6.83973,0.40023345,0.7588137,0.04841025,0.019708375,0.6492071,0.5394027,0.79825413,0.06275586,-0.4380233,-0.45297822,-0.5213392,0.25411025,0.5212559,0.40600884,-0.24262741,0.23619197,1.5648606,1.3214415,-0.8539813,-1.5309536,3.117242,-1.6086693,0.07447464,2.500098,0.0011876571,5.4912367,0.0027384835
6.158122,6.8072715,0.4681094,0.8054389,0.059836898,0.0541275,0.58716094,0.5155091,1.0616268,-0.17408678,-0.49687904,-0.1781121,-0.52134377,0.57981336,0.521432,0.17154667,-0.265629,0.44487566,0.37348658,0.17280407,-1.4712555,0.9284541,2.2636876,-3.1269374,-0.4361414,2.9925308,-0.00074817945,-0.27534088,0.00245402
6.1532063,6.782822,0.48902595,0.84073186,0.073734686,0.0776265,0.53076106,0.5339407,1.2169704,-0.4906536,-0.5185538,0.12332711,-0.52128774,0.5380801,0.5216409,-0.5517844,-0.1614702,0.39696977,-0.22098571,-0.2347763,-1.1743968,-0.112028256,0.8830956,-3.2027109,-0.076463215,2.9140165,0.0014098079,-0.24652964,-0.00018806454
6.0835357,6.7713594,0.5053985,0.8777828,0.06625424,0.07086558,0.46913305,0.5269057,1.2072841,-0.5576196,-0.55990016,0.45176852,-0.52131987,0.5009251,0.52255285,-0.6634557,-0.21745598,-0.0774746,0.089787476,0.18511462,-1.6378402,-0.029884992,-0.81652254,0.7718179,-0.74399054,3.672597,3.062149e-05,-0.5417796,0.00679207
6.010168,6.756719,0.49185845,0.9015967,0.056394197,0.04959955,0.42600814,0.5250789,1.0224764,-0.36817726,-0.7267036,0.5643146,-0.52163386,0.380692,0.5232131,-0.6988123,-0.033908863,-0.5832515,-0.39537242,-0.46014407,-0.6850118,-0.007763886,-2.860871,2.9953556,-2.5628135,-0.5739195,-0.0028102286,-1.9342167,0.003252826
5.947015,6.8006015,0.4641846,0.904071,0.047805388,0.034688544,0.42328128,0.5248573,0.632069,0.04122924,-1.0921816,0.41270772,-0.52142864,0.07867085,0.52191776,-0.63135624,1.3329878,1.3491898,1.343932,0.08923362,0.37148115,-0.00021010582,-4.871836,4.9976387,-4.361143,-2.4170396,0.0035472726,-3.9305189,-0.011794126
5.896871,6.925044,0.5854446,0.8792771,0.110897094,0.05602318,0.4598206,0.52559596,0.46915206,0.4380423,-1.2698805,0.05808462,-0.52147573,-0.20886827,0.5214335,-0.0051451344,0.81204945,0.6879522,0.15830594,-0.4033536,2.9639072,0.0040181163,0.6617119,2.9399507,0.61915547,-4.4618278,0.0016388982,-1.913494,-9.798568e-05
5.9122953,6.9840674,0.59967405,0.78715265,0.10125828,0.018593542,0.608105,0.52584636,0.5209466,0.5388417,-1.0685741,-0.37644926,-0.5220719,-0.2582749,0.52133316,0.21380185,0.4934913,-0.382042,-0.7123195,-0.1230547,3.5311809,0.0013648805,0.36026257,-0.77330184,3.3603873,-4.297501,-0.0051692873,0.89101565,-0.0007901352
5.9362845,7.0378075,0.524753,0.69457185,0.080963135,-0.0061332164,0.71482676,0.52578753,0.6478097,0.35007668,-0.6237881,-0.56352437,-0.52182126,-0.043617234,0.5213664,0.15403889,0.59019077,-1.010722,-0.3851046,1.242015,1.576008,-0.0004112303,2.1426933,-2.9392774,5.4871883,0.41153038,0.003982496,3.3820183,0.0001711138
5.952911,7.087703,0.4085625,0.65636015,0.04154552,0.05218694,0.7514931,0.52536404,0.9587191,-0.035271674,-0.46679416,-0.41878456,-0.52150685,0.40374944,0.5217995,0.22945307,0.17999183,0.03783451,1.9295329,0.38706976,-0.7607549,0.0009951474,3.7359598,-4.7018924,-0.70671827,2.4424539,0.0070165256,5.3293214,-0.0022775785
5.94379,7.0738754,0.5016965,0.7088249,0.07735246,0.11034035,0.6923936,0.5255784,1.246961,-0.5618006,-0.5116515,-0.06895384,-0.52117205,0.58068424,0.521522,-0.54695207,-0.24308857,0.9934194,0.7551732,0.29608664,-1.9320256,0.00030751564,1.0144941,-4.740808,-0.19371442,4.5110397,5.1646002e-05,-0.6821293,-0.00048397048
5.876219,7.0655856,0.5691812,0.7780229,0.08409767,0.12848894,0.6091786,0.5257511,1.2267407,-0.5732498,-0.5209035,0.3477381,-0.52121824,0.53515965,0.52241385,-0.72011787,-0.036984336,0.23353502,0.39030507,-0.55100256,-1.9273003,0.001021781,-0.69571507,0.81912446,-0.031394836,3.8394647,-0.00067220116,-0.20407337,0.0066421293
5.8030386,7.0671253,0.5632413,0.8249339,0.07347314,0.10791661,0.5499453,0.52539104,1.0923464,-0.4611691,-0.56560594,0.5777937,-0.5215146,0.5170074,0.52304935,-0.718741,0.11694112,-0.4650471,-0.61274683,-0.62688875,-0.89699227,-0.0026827895,-1.9652661,1.4129963,-0.85151064,-0.24565889,-0.0026733929,-0.18589908,0.0027338814
5.729359,7.092562,0.478871,0.84398854,0.045813005,0.05383025,0.531683,0.5248638,0.7933088,-0.20515673,-0.77220935,0.5044477,-0.52151656,0.42457306,0.5231183,-0.7983302,0.40537813,-1.1534028,-1.7363709,-0.93725675,0.20637761,-0.0033527669,-3.9827564,3.6669443,-3.234987,-1.127966,0.00049399794,-1.616405,-0.00012063139
5.632915,7.2000303,0.48329964,0.83981615,0.04954296,0.063243024,0.5368935,0.52521473,0.44852194,0.2624568,-1.1791277,0.27421522,-0.52132577,0.1407811,0.52147454,-1.1855961,1.5291097,1.7586954,1.8589433,0.1639592,0.5356446,0.0026942112,-0.07545564,5.695981,-4.6840644,-3.490004,-0.00064965594,-4.0146027,-0.011885335
5.5317082,7.339905,0.6173176,0.8187896,0.12002861,0.07855813,0.55588245,0.5257589,0.5013055,0.5859582,-1.2335945,-0.18795364,-0.52166647,-0.11770196,0.52132446,-0.8448223,1.2591262,0.80192465,1.0028892,-0.6297228,0.8085254,0.0033559415,0.40445754,-0.22198662,1.391064,-5.718817,-0.0022733153,-1.1946607,0.0014853907
5.4468822,7.454429,0.64343643,0.80402595,0.17661618,0.07217799,0.5631513,0.5258869,0.5193375,0.42992783,-0.9583898,-0.58547086,-0.5217177,-0.092048,0.5213434,-0.9357796,1.0479323,-0.26210907,0.7784601,-0.752923,-0.27798554,0.00040785552,0.056235805,-2.8373203,4.069283,-0.1943486,-1.1381574e-06,1.6673183,-0.00014418559
5.3541565,7.5516315,0.5694756,0.81346506,0.19241138,0.0743609,0.5438041,0.52519476,0.5219356,0.063224584,-0.47363284,-0.5246938,-0.52164215,0.1912553,0.52157766,-0.87260574,0.9236261,-1.0320379,-0.45408434,1.319378,-0.4219703,-0.005171862,0.00855617,-4.469238,2.3150718,0.96672064,0.00028862382,3.9597447,0.0013794145
5.2615247,7.636287,0.47524536,0.8524733,0.10380334,0.07830776,0.50634176,0.4470219,0.57940066,-0.32538393,-0.48906302,-0.33337978,-0.52138925,0.60682803,0.5220783,-1.3120979,0.9350376,-0.57748747,-2.7070253,-0.13133462,-1.377798,-1.55563,1.1282643,-3.3417923,-0.5304459,2.75128,0.0031536212,1.0276356,0.00338522
5.0988665,7.7371864,0.39174166,0.8835384,0.016653232,0.010749147,0.46793902,0.18004556,0.7140053,-0.5287649,-0.5165781,0.038397923,-0.5220297,0.54937404,0.52161956,-1.9695269,0.48432282,-0.33977604,0.28926468,-0.32326025,-0.3718426,-3.5858097,1.4463279,-0.72518766,-0.10281592,4.576202,-0.0017147214,-0.9004583,-0.0040180623
4.84867,7.7415037,0.46033454,0.8860538,0.035494857,0.03872687,0.46059638,-0.2787013,0.8099374,-0.4719545,-0.52089643,0.5857698,-0.55019706,0.40207753,0.5213076,-2.6562197,-0.027856644,0.7503316,0.7211415,0.1971478,0.42985216,-5.6992817,0.57750934,1.7408421,-0.011778453,5.2212725,-0.7124095,-2.045458,0.00029091726
4.6110883,7.759044,0.5051526,0.8592635,0.039770655,0.027383894,0.50924915,-0.62311834,0.7808279,-0.20013948,-0.60964805,0.5854795,-0.50703907,0.08861828,0.5896751,-2.2363894,0.2500492,-0.017463373,-0.25166374,-0.20959035,0.76428926,0.80115306,-1.0805134,3.6898224,-1.7431576,-0.9472009,0.30758488,-4.1587777,1.3299726
4.391246,7.7983847,0.47421438,0.84168833,0.043470234,0.013349085,0.5380454,-0.41535175,0.71005976,0.26576176,-0.9134223,0.37317592,-0.51505893,-0.36434558,0.6080423,-2.1975865,0.9351392,0.44856304,0.93681467,-0.039303504,0.14966276,3.3141153,-0.3259719,5.424461,-4.0524755,-3.2530134,-0.11342237,-4.7318597,-1.1810509
4.181003,7.894804,0.55189794,0.82779264,0.03865319,0.087643795,0.55279636,0.039593212,0.70550597,0.5801868,-1.2866411,-0.077225655,-0.5209758,-0.59058577,0.4889142,-1.8877937,0.8326742,0.44015715,-0.35373452,1.4049844,0.28019547,5.7645617,0.2199495,-0.306345,-0.31428355,-5.720775,-0.021468647,0.6509988,0.22676688
3.991074,7.9725566,0.54783183,0.8226684,-0.027188247,0.11592704,0.55591226,0.64430964,0.7721116,0.46221483,-1.1584706,-0.6003455,-0.5220078,-0.40002996,0.5138209,-2.1759715,0.57257116,-0.40807256,-1.3558513,1.2502302,-0.3159735,1.507171,1.0980283,-2.011514,2.6603377,-0.8182492,-0.003720777,3.1168492,0.13747826
3.7973602,7.960143,0.56223893,0.8397105,-0.053183552,0.099060215,0.5312673,0.5719777,0.93388695,0.245691,-0.78124726,-0.5462522,-0.52219486,0.021480426,0.5203233,-1.6988469,-0.73945796,0.57109386,0.6319553,-1.1358011,-0.78270715,-0.79413265,2.1108892,-2.31587,4.846119,0.7928049,-0.00064906164,5.2869706,0.023199255
3.635299,7.8808413,0.5710701,0.8628383,0.018720552,0.07291381,0.49984315,0.5324901,1.1446307,-0.09939384,-0.4578509,-0.49290526,-0.5216436,0.57024187,0.5213508,-1.6926689,-0.7014618,-0.4055207,1.5794148,-1.0876372,0.0051555187,-0.13999033,2.1094317,-4.5632687,-0.3585777,0.2741926,0.004152847,2.4538097,0.0032186867
3.4473245,7.818742,0.48052022,0.85645103,0.11001077,0.060750835,0.50069815,0.5261334,1.2361923,-0.5776468,-0.506343,-0.3295733,-0.5214192,0.5468864,0.5221664,-1.9752756,-0.41599223,-1.270382,0.9096387,-0.66598296,-0.3781698,-0.019804887,-0.29163787,-2.0597684,-0.283255,2.9589386,0.0012527436,-1.0482287,0.0051086326
3.234616,7.812969,0.4809936,0.88803816,0.0737365,0.026077425,0.4530686,0.51620084,1.172503,-0.55610037,-0.52067703,0.05805249,-0.5212057,0.3746529,0.52188754,-2.0456433,-0.3763285,0.71261287,-0.8085873,-0.8851458,-1.843538,-0.18481943,-0.912933,0.54470104,-0.051745065,4.86805,-0.000810445,-2.4645245,-8.608371e-06
3.0484893,7.776942,0.5130217,0.9264327,0.058779344,-0.028713956,0.37073287,0.5258333,1.0551052,-0.3862915,-0.6307022,0.41396058,-0.52146024,0.13810481,0.52587235,-1.7511022,-0.29045597,-0.15621233,-0.726971,-1.0278424,-1.6727797,0.23386134,-1.4415172,2.8169441,-2.113713,2.284288,-0.0018453404,-2.2713368,0.07484438
2.9175675,7.7864842,0.5096713,0.95528805,0.06149897,-0.020392293,0.2884905,0.5269515,0.7921612,0.006831397,-0.963439,0.51290005,-0.5214228,-0.19202574,0.51862913,-0.5542408,0.7924649,0.62714696,0.9966725,2.0714421,-1.9657096,-0.034146946,-3.7713294,4.8661404,-4.423432,-0.11031591,0.000619132,-4.30842,0.041365672
2.8726945,7.8778753,0.5455259,0.96796095,0.08216478,0.030976336,0.2352468,0.5257503,0.4444472,0.5615083,-1.3018723,0.36207166,-0.52173877,-0.5794612,0.52115124,-0.33604625,1.0147849,0.49863076,0.19072229,-0.77021605,-0.7838788,-0.0020077592,-0.07722174,5.021823,0.22564824,-2.8476868,-0.0024849495,-0.9679958,0.009293841
2.8644297,7.952135,0.5633814,0.9710349,0.09066939,0.0339888,0.21843792,0.5257175,0.49898094,0.55228007,-1.147642,-0.0328497,-0.52287245,-0.5121907,0.52145386,-0.013156213,0.6027357,-0.31158826,0.041705254,0.012396538,-0.15783627,0.00019692753,0.40554354,-1.9513531,2.8129027,-5.0059395,-0.007298754,1.6273636,0.00051087793
2.8459136,7.998588,0.49076396,0.98270947,0.049609307,0.02280383,0.17692089,0.52452046,0.5186388,0.3103163,-0.7492742,-0.3983085,-0.5223372,-0.25065425,0.52163947,-0.31739795,0.36936077,-1.1878555,-1.3212763,-0.059845936,-1.2456118,-0.008841963,0.06781398,-2.870651,5.115959,-2.3553867,0.0041826274,3.5978646,0.0015661865
2.7754636,8.027902,0.3594458,0.99458814,-0.005804335,-0.0063197967,0.10354111,0.3996375,0.5215125,0.14689022,-0.4302796,-0.48073637,-0.5225981,0.18159764,0.5216815,-1.4484375,0.11295587,-0.66955864,0.3045508,-1.6108571,-1.0442805,-2.227688,0.0047826217,-0.47300157,-0.7446525,0.6584102,-0.0011291733,4.8539634,-0.0015864277
2.6602483,8.072881,0.3818494,0.99656856,-0.002232794,0.0032517796,0.08267702,0.06409706,0.52178895,0.22557175,-0.5012136,-0.28298724,-0.56732464,0.502866,0.521306,-1.112346,0.7427342,0.25401688,-0.36163878,0.7669972,-0.62311035,-4.5652194,0.0028058148,2.0292618,-0.37432557,3.2631497,-0.9241103,1.7098267,-0.0010448365
2.521082,8.191878,0.43166342,0.9975485,-0.008219464,0.026680917,0.06416781,-0.49816373,0.52196807,0.5482083,-0.5186429,0.15499502,-0.7690498,0.526035,0.5212158,-1.7737424,1.6073983,0.95494235,-0.5571603,0.7728344,0.0067221266,-6.6123157,-0.0022623453,3.5292618,-0.0575496,5.4358244,-2.9733446,-0.8691707,0.0012876244
2.3593535,8.314551,0.48666558,0.9967657,-0.047451157,0.039356377,0.051552963,-0.58074105,0.521477,0.56051666,-0.6153041,0.61524975,-0.96623987,0.31787622,0.55285966,-1.4058712,1.0701061,0.10868701,-0.61467874,-0.26654625,0.043832175,0.8077562,-0.0026142248,-0.5510843,-1.8460433,0.18106541,-1.0091265,-3.285614,0.61997133
2.2325907,8.382759,0.4886415,0.99658126,-0.047458652,0.03677438,0.056754537,-0.3837653,0.52119696,0.4012482,-0.922871,0.4675464,-0.9204935,-0.018817183,0.51356906,-1.061276,-0.27300948,0.71611303,1.2916121,1.0270327,0.43411347,2.9066908,-0.0032734552,-2.4189436,-4.1388497,-2.8236616,1.8635198,-3.4337163,-1.0681512
2.1370885,8.34584,0.51324916,0.9895637,0.0157738,0.11171461,0.08963641,0.032790672,0.52126026,0.093081996,-1.2976203,0.0582433,-0.6023843,-0.38226277,0.5105644,-0.7669998,-0.34427294,-0.25616384,0.24811384,0.011847896,1.3303497,5.387343,0.001219075,-3.746098,-0.17653228,-5.340264,4.4611964,-3.779768,0.1705601
2.0758693,8.304564,0.47792974,0.98135185,0.0020651976,0.11410732,0.15467328,0.5937649,0.5216314,-0.30716512,-1.1654779,-0.52985656,-0.47497436,-0.55091786,0.5195805,-0.6615593,-0.518726,-0.1466528,-0.7516273,1.0899976,1.0503609,1.7731376,0.002573919,-4.259267,2.5536733,-5.289417,-0.60530573,0.38405263,0.033520777
1.9729005,8.267217,0.45751104,0.97653973,-0.039393973,0.12594098,0.17016809,0.5426278,0.5215719,-0.5512114,-0.7815472,-0.5456562,-0.5129408,-0.4055306,0.5210687,-1.4653182,-0.41528907,0.15333116,-0.053819224,-1.2517391,-0.21889676,-1.2176081,-0.0025891382,-0.11216775,5.074064,1.8076586,-0.16288093,2.3634214,0.0035453935
1.8035088,8.225045,0.4542591,0.9821741,-0.005644282,0.060177792,0.17799096,0.29766917,0.532411,-0.43893012,-0.44890645,-0.24095955,-0.6311119,-0.19997625,0.52131134,-1.831309,-0.41333935,-0.2496782,0.5235025,-1.5390189,0.13399035,-3.699452,0.23921795,2.3331234,-0.4655246,4.2574596,-2.1682472,1.7748684,0.0012954747
1.594307,8.2148485,0.4544616,0.9844242,-0.016358254,0.05429156,0.1664148,-0.18867378,0.52665526,-0.0858762,-0.50429934,0.2905048,-0.9596927,-0.09372564,0.52123964,-2.7382436,0.3208148,1.4933599,-0.5113945,1.0872052,0.16259214,-5.7880917,-0.68515074,4.6582713,-0.31390187,6.194486,-4.024818,0.36535975,-4.3485525e-05
1.3266615,8.249123,0.60891014,0.97620153,-0.05602167,0.057362225,0.20149861,-0.6115108,0.51634556,0.40014586,-0.5488594,0.6006668,-1.1933208,-0.18543206,0.6375738,-2.4700031,0.2809537,1.0715344,-1.0573317,-0.259983,0.54450035,0.16147198,0.08639971,5.0737543,-0.5677893,-0.6831599,-0.868558,-2.1410744,2.277363
1.0827674,8.257161,0.6680348,0.96170986,-0.102345124,0.03784292,0.251411,-0.45980397,0.52117115,0.56420356,-0.66820973,0.40600157,-1.1672455,-0.35732546,0.7886572,-2.3706703,-0.0544199,0.11883392,-0.9867914,-0.27511966,1.204484,2.7326148,0.019007266,-0.8267349,-1.7996073,-3.1670454,1.3561741,-1.3078406,0.7691593
0.85591006,8.252283,0.63197,0.9404858,-0.13239796,0.017734967,0.31247848,-0.061358497,0.5243009,0.4547613,-0.94794,-0.021382825,-0.96008855,-0.5205004,0.74337167,-2.1638765,-0.029424233,-0.846742,-0.58414793,-0.45267102,1.2645411,5.195381,0.039470993,-1.3541268,-3.7617524,-5.3422117,2.7660992,-1.9460623,-1.6350081
0.7016008,8.214668,0.5939439,0.937941,-0.10295312,0.044582907,0.32814586,0.54177386,0.5224374,0.33075812,-1.2884854,-0.62244505,-0.6432353,-0.5386244,0.48113483,-1.0628854,-0.37695876,-0.14566855,1.2425816,2.360083,0.41563186,5.7354703,0.010394102,-1.1639675,-0.18631528,-2.5235505,3.5360136,0.42718408,-1.3469248
0.5636829,8.171215,0.5407959,0.91906595,-0.09479991,0.18630761,0.33409607,0.5771554,0.5366646,0.1884126,-1.1635625,-0.5652357,-0.4776951,-0.3660953,0.49876654,-1.3440715,-0.5903804,-0.76599205,1.6165508,2.1842294,0.22040147,-0.78485876,0.24775209,-1.6633644,2.4990788,1.2309117,-0.44461614,2.989396,0.37042102
0.4172185,8.077428,0.5659501,0.9465024,-0.060549024,0.13929933,0.28471527,0.5342806,0.6559866,-0.08081676,-0.8354958,-0.41555956,-0.512491,0.0015092376,0.5213616,-1.6259971,-1.1094995,0.30152395,0.51385194,-2.3231366,-1.4212111,-0.16918994,2.2626753,-3.6907008,4.0209794,1.738136,-0.16938254,4.547758,0.16367398
0.23933776,7.972391,0.54123765,0.9737826,0.0075984593,0.031245722,0.22519642,0.526041,0.91299754,-0.53193676,-0.46370465,-0.13404234,-0.5204187,0.40449995,0.5211805,-1.9098599,-0.93204725,-0.7811575,1.2874987,-2.3404565,-1.345925,-0.028424826,2.8842123,-4.355906,0.35008103,3.8672497,-0.026276678,3.535352,0.0011264222
0.062190123,7.924316,0.46847975,0.98803943,0.07854948,-0.032139,0.12874465,0.5244408,1.1631593,-0.56260645,-0.5028888,0.3280366,-0.5211251,0.5572405,0.52184093,-1.5984257,0.21817538,0.4320193,0.4709859,0.39040738,-2.2053876,-0.0072838296,1.849213,0.56877744,-0.34500486,5.3428,0.0034468751,-0.4253543,0.0045774286
-0.0664883,7.946021,0.51511514,0.99573106,0.060077034,-0.021821715,0.06658986,0.524298,1.203775,-0.5306082,-0.5198038,0.5886873,-0.52105796,0.48959392,0.55116326,-0.93899286,0.13996209,0.2842306,-0.95888513,-0.7836344,-0.21447943,0.0009547834,-0.8951973,0.12697528,-0.059100144,-0.5898944,-0.0016530186,-0.9203321,0.5788492
-0.15570465,7.9504414,0.5006968,0.9968005,0.018557634,-0.062497605,0.046243366,0.5095667,0.9812883,-0.4026792,-0.54195905,0.4570732,-0.52118915,0.4208409,0.54213244,-0.82954043,0.025926108,-0.63523954,-0.97236204,-0.60093063,-0.42577195,-0.29257867,-3.5315163,2.393827,-0.37657684,-2.0195694,-0.00064349937,-0.46485963,-0.7401543
-0.16898447,7.9585586,0.4559828,0.9994988,0.01251076,-0.027681118,0.008914367,0.44815698,0.50324476,-0.06314528,-0.6506386,0.15146577,-0.5210813,0.24797471,0.5120745,1.0289183,0.1868252,0.2332634,0.7166319,2.8150117,-0.8922886,-0.9095204,-4.8737607,4.199093,-1.7080269,-3.888765,0.00087082,-2.9640534,0.12974869
-0.062667586,8.005419,0.46578047,0.9986718,0.05014405,3.2537046e-05,0.011836346,0.40768278,0.47633398,0.4130237,-0.89592564,-0.1322471,-0.521489,-0.15561296,0.60629654,1.1564187,0.8936521,0.37354547,0.16271244,-1.4054221,1.2463108,0.07246717,0.68952036,5.242041,-3.0557683,-1.8211578,-0.0036128256,-4.9922485,1.6233226
0.05949175,8.11446,0.61645836,0.99280465,0.056745913,0.03998607,0.09757005,0.3441639,0.5140385,0.59246343,-1.2320461,-0.42716652,-0.59502244,-0.60170245,0.69386744,1.0378772,0.9362924,1.2465277,-0.046176057,1.7790796,1.6468395,-1.3034117,0.14566858,-0.8236075,-3.313303,-4.0437617,-1.4118594,-0.3504473,0.5139803
