0.09217607,-0.0622185,0.76493204,0.99506456,0.093180165,0.011642226,-0.03206892,0.028079888,0.0020005489,0.008607673,0.094804406,0.017434958,0.089460425,-0.05224312,-0.04253276,-0.0050715157,0.13383363,-0.06730915,-0.032459497,-0.16110139,-0.023687176,-0.03617441,-0.31262052,0.16650401,-0.11902426,0.11805476,-0.009761233,0.06923253,-0.15075018
0.08742763,-0.066628374,0.7440689,0.9952356,0.09044422,0.010016127,-0.035008617,0.11598634,0.40378097,-0.11446569,-0.40322763,-0.0054694717,-0.39447546,0.058963947,0.3766238,-0.102904744,-0.1316028,-0.7287504,-0.02194046,0.05675172,-0.08990923,1.7655077,4.125578,-2.5861142,-5.3835626,-0.5645599,-5.070129,2.1233027,3.7681763
0.07864712,-0.079292774,0.609309,0.9944835,0.09070203,0.012795626,-0.051108018,0.31980133,0.68525934,-0.3092183,-0.8541474,-0.12058183,-0.73558235,0.3848813,0.60238546,-0.06395591,-0.1360028,-1.9523984,0.0019734649,-0.011386675,-0.5552853,2.3019936,1.5462867,-1.3282291,-3.663249,-1.7214286,-1.8060917,4.358809,0.79592144
0.08215884,-0.0458486,0.46408212,0.9955326,0.057745337,0.040361606,-0.06285934,0.5433589,0.7266176,-0.44502902,-1.1926429,-0.17514499,-0.7683873,0.5817575,0.5325089,-0.25445154,0.78554434,-0.07742895,0.27136612,0.7437729,0.00041533372,0.93626606,-0.64824575,-1.3194833,-2.893197,0.61679256,1.1149765,-0.60299283,-2.2985234
0.0686713,0.009613702,0.48799038,0.9949146,0.0939756,0.021411538,-0.029241268,0.53767896,0.5266993,-0.48087475,-1.2475011,-0.03713494,-0.54349065,0.38745394,0.5019234,-0.0022710094,0.45791405,0.10311745,0.86359036,-0.9862932,1.3648986,-0.21040103,-3.3176,0.53805345,0.83929664,2.1249955,3.3467999,-3.183838,0.28214204
0.066267796,0.08379982,0.5042214,0.9955407,0.09063565,0.001455155,0.026110575,0.52737063,0.49091977,-0.43106043,-1.1258985,0.07258655,-0.4963868,0.02487649,0.51828635,-0.005672719,0.91615677,-0.04389591,-0.6405199,-0.03486475,1.1952238,-0.035934545,0.45741135,0.45836225,1.5836674,0.16295934,-0.3718623,-4.101877,0.06712567
0.063274264,0.18036932,0.4621482,0.9953425,0.04980335,0.004921096,0.08239387,0.4999221,0.5728208,-0.4374324,-0.9485634,0.12906305,-0.5175107,-0.38321027,0.52108955,0.08722928,0.9064434,-0.51657164,-0.7085647,0.6969479,1.1698437,-0.5058541,1.1751075,-0.58438224,1.9374901,0.92786527,-0.08448405,-4.024992,0.0074227187
0.07248395,0.23801845,0.4227442,0.9896239,0.021078775,0.015941516,0.1412305,0.36353174,0.79309225,-0.5523832,-0.67998856,0.30983603,-0.5211254,-0.55807954,0.52136767,-0.3901221,0.39583,-0.05724082,0.5471858,-1.2194152,1.0059764,-2.0747736,3.0504367,-0.36311156,3.407227,2.6813893,-0.010036093,0.3525742,-0.0006502245
-0.024863435,0.29470974,0.5274522,0.9858522,0.07182012,-0.006235323,0.15132247,0.056469087,1.1708666,-0.53518164,-0.4585466,0.5722935,-0.5210956,-0.4270573,0.521932,-1.0478873,0.6795784,1.4513395,1.0705737,-0.27588788,0.18264605,-4.151525,4.6663036,0.1891122,-0.5078294,0.20094638,-0.00291361,2.2725549,0.0048446697
-0.12627643,0.35246885,0.6189435,0.9823093,0.114291035,0.0012431575,0.148339,-0.22624381,1.2626821,-0.5265851,-0.5077512,0.5399127,-0.5212438,-0.084818,0.52270377,-1.0023273,0.48701823,0.3860717,0.7242444,0.19562946,-0.3516647,-1.5397263,-1.3778554,0.027506337,-0.26134852,-0.26890785,-0.0004970133,4.5364933,0.0045768986
-0.21368629,0.3971952,0.6065563,0.9802773,0.13468945,0.018870933,0.14338408,-0.2328759,0.99425,-0.52459943,-0.520283,0.40559745,-0.52136207,0.32553613,0.5225056,-0.62370896,0.41333193,-0.50324947,-0.72601515,0.6244359,0.56121373,1.3510821,-3.9550622,0.0088494485,-0.042298656,-2.3309608,0.00030490692,3.6733146,-0.0018229425
-0.261063,0.44492236,0.5076799,0.98110974,0.07979686,0.03313235,0.17308496,0.02968441,0.47994962,-0.40821582,-0.5226287,0.13968748,-0.52159965,0.54587525,0.52235067,-0.34694967,0.5854419,-1.4774815,-1.1106727,0.29669958,0.41079116,3.8522575,-5.083114,2.2846696,-0.009258034,-2.9834027,-0.001656963,0.32894525,-0.00068427884
-0.28700358,0.52033013,0.37132704,0.97578084,-0.0031619694,0.005914768,0.21864767,0.4724262,0.4678097,-0.0549287,-0.65349025,-0.23197427,-0.5214628,0.4394484,0.5223104,0.08214994,1.37172,0.01846667,-1.0724976,0.5063053,0.6843908,5.0188084,0.83518374,4.420313,-2.305502,-4.2100563,0.0042653666,-2.337215,-0.0062419623
-0.29239574,0.69584423,0.46657082,0.97625726,0.0884094,0.013179423,0.19731152,0.58730817,0.513639,0.48153353,-0.96209127,-0.6201797,-0.52207917,0.17247242,0.5213059,-0.3168967,1.978804,1.8796172,2.6137266,-0.57302314,-0.86322594,-0.8834991,0.17721544,6.4074264,-3.764632,-0.0025676514,-0.0057727727,-2.974604,-0.0080297515
-0.3159894,0.8642461,0.6257814,0.9679606,0.17008187,0.018396195,0.18380968,0.5359012,0.5205308,0.55395377,-1.1795366,-0.552496,-0.52217436,0.005516443,0.5212442,-0.2027397,1.5529187,1.079232,1.2882777,-0.30620798,-0.20046541,-0.20884158,0.017515916,-1.6100168,-0.70332813,0.48683634,0.0005165813,-0.41022214,0.0016719422
-0.33691952,1.0109732,0.67900497,0.96004367,0.22599338,0.012258028,0.16459905,0.5267111,0.52124065,0.27203417,-1.1069839,-0.52899307,-0.5225362,0.09450711,0.52128774,-0.23326997,1.3867555,-0.02394399,0.9014638,-0.44573018,-0.37123552,-0.028200615,0.0019192056,-3.986991,2.1093826,0.0805676,-0.0027028427,2.1481137,5.6690897e-06
-0.3662492,1.146098,0.62136793,0.9539545,0.26310563,-0.0004541031,0.14403488,0.52536315,0.52158827,-0.236669,-0.77032363,-0.5052646,-0.5220824,0.3740228,0.52128804,-0.37459573,1.3340511,-1.1234919,0.48969644,-0.45053217,-0.2072798,-0.00461098,0.002147247,-6.1465845,4.58533,0.3886584,0.0037426127,3.4201465,-2.8091792e-05
-0.38426805,1.3057868,0.5298077,0.96024793,0.24053723,0.0633675,0.12668973,0.5242398,0.5223109,-0.6112006,-0.4679687,-0.33964723,-0.5214968,0.561852,0.52128845,-0.21278088,1.9106451,-0.10392986,-1.5529301,0.4805685,-0.99549305,-0.007400328,0.0050761052,0.6035858,-0.26444137,2.7625115,0.0073888525,-0.1540998,-0.0041186074
-0.41838503,1.5264101,0.5352419,0.9834898,0.13878511,0.04096009,0.108668126,0.52488136,0.5221029,-0.4452814,-0.57420534,-0.027355107,-0.52127427,0.43343824,0.521515,-0.41381922,2.4647994,-0.14067374,-2.1673548,-0.663162,-0.06022779,0.004450822,-0.0024348146,2.6744082,-1.8159684,3.531295,-0.00065145356,-2.4643826,0.0031698272
-0.45218804,1.7808203,0.46782827,0.9917504,0.048175007,-0.0063555725,0.11861674,0.52452457,0.5216231,-0.052996207,-0.88521737,0.18125267,-0.5213527,0.07105207,0.52224237,-0.19748588,2.635495,-1.0738791,-1.0297265,-0.26061624,0.2611444,-0.0029837538,-0.0025712275,5.105509,-4.334333,0.6972981,-0.0003175208,-4.7427506,0.004050629
-0.41496715,2.0912106,0.54585546,0.9876614,0.037023075,0.066063866,0.13707568,0.4486805,0.52136576,0.54452497,-1.3161544,0.11529569,-0.521547,-0.50051653,0.52199167,0.49859542,3.286381,1.6848925,-0.7138464,1.3427461,1.1973072,-1.5189766,-0.0020874988,5.726732,-0.9266226,-2.080368,-0.0021133937,-6.712656,0.0052040187
-0.38470235,2.38801,0.66594756,0.9755117,-0.017508889,0.12806682,0.17795843,0.25706056,0.60648,0.5566344,-1.2206254,-0.09759398,-0.5883901,-0.56105393,0.5215025,0.22181818,2.8526413,0.7452955,-1.0731357,1.3863546,0.53471553,-2.3060157,1.6812123,-1.8308212,1.8704624,-2.1859508,-1.3083198,1.8410015,-0.0045320196
-0.35939527,2.653298,0.7098667,0.9650443,-0.06225503,0.15779279,0.19978786,0.11626431,0.90859395,0.25359613,-0.91483897,-0.34777823,-0.67003447,-0.24528739,0.5212852,0.28286722,2.1673145,0.52733177,0.40645447,-0.7069132,0.22782569,-0.5373826,4.3482423,-4.1893544,4.2064905,-2.811094,-0.32945055,4.4377093,-0.0007022414
-0.3330263,2.8409727,0.72787005,0.9749937,-0.014887391,0.10253187,0.1966033,0.17910624,1.2794935,-0.27242294,-0.45287284,-0.5895417,-0.5833014,0.3040281,0.5215148,0.11948977,1.6640569,-0.16191453,1.1446686,-1.2680233,-0.463948,1.7740225,0.32156047,-6.291734,1.9312942,0.22034521,2.0157874,6.5214806,0.0015105647
-0.31622335,3.0363498,0.65912056,0.9813393,0.059640545,0.068230756,0.16959006,0.29235092,1.1824034,-0.5987669,-0.49201018,-0.53432345,-0.49656945,0.60882956,0.5218579,0.2603025,2.2316828,-1.1960187,1.4065211,-0.8353726,-0.3555186,0.51467204,-1.999965,0.6277348,-0.8625255,0.53631544,-0.2847037,-0.82998145,0.0022343644
-0.29019096,3.2683053,0.49479568,0.9811713,0.130393,0.035612848,0.13795733,0.4090811,0.8665513,-0.4561052,-0.6610984,-0.4065076,-0.5166355,0.4284057,0.52226865,0.014865003,2.449389,-1.7810719,0.6273598,-2.1685486,-0.3677479,1.7897716,-4.275536,2.1955078,-2.4814775,1.9929017,-0.09223643,-2.7066696,0.0023904524
-0.29881763,3.5471795,0.43642944,0.98671806,0.042842466,0.010878063,0.15631284,0.53901494,0.45669535,-0.11863032,-1.0155299,-0.3371461,-0.52038103,0.07743822,0.5217299,0.35629746,3.0042026,0.7927172,0.4738133,0.8150034,0.29390717,0.13162613,-0.39582384,4.419895,-4.34562,-0.4010456,-0.013776218,-4.4577794,-0.006908614
-0.26251748,3.847875,0.55817246,0.97873116,0.0842769,0.034714226,0.18378685,0.47748435,0.4996744,0.4242665,-1.2838116,-0.4903173,-0.5215046,-0.3517681,0.52181613,0.35798827,2.9760993,0.896608,0.8001924,0.16111094,0.76466364,-1.3303759,0.3800012,6.4151583,0.40605402,-2.6292055,-0.005511398,-4.1444488,0.005442439
-0.23922649,4.1293044,0.59983546,0.972517,0.09923596,0.046742197,0.20537296,0.3264607,0.5190095,0.585573,-1.1669095,-0.55386823,-0.5356519,-0.55614823,0.5220062,0.11909072,2.669864,-0.016354313,-0.45867956,0.08791952,-0.083628364,-1.676625,0.07003854,-1.0459613,1.8924303,0.41845155,-0.2723789,0.26336166,0.00031180153
-0.22998093,4.3911624,0.54989666,0.9765046,0.0718027,0.046622314,0.1977611,0.1701422,0.592299,0.38676974,-0.8957461,-0.47750792,-0.6390709,-0.43586546,0.5226129,0.05700638,2.560099,-0.9857387,-0.6320765,0.10140518,-0.2624637,-1.4547788,1.3737823,-2.8969238,3.5055935,1.0967747,-1.7715145,2.111654,0.0042885547
-0.25640437,4.623205,0.4454596,0.9853639,0.023528358,0.010761726,0.16848923,0.016002731,0.85188425,-0.019075481,-0.50959116,-0.3145547,-0.7095057,-0.12411503,0.522415,-0.763233,1.7436777,0.06514985,0.0892086,-1.1100217,-0.26354313,-1.5885261,3.5720036,-5.206789,3.4301245,2.1858997,0.59735304,4.0769634,-0.0018891494
-0.33460224,4.790675,0.5189904,0.9863305,0.08146332,-0.020675872,0.14173321,-0.17781045,1.2601639,-0.5981305,-0.490489,-0.00903065,-0.5122682,0.393131,0.5221494,-0.7224949,1.7842352,0.7751407,1.198785,-0.513581,-1.4508659,-2.2322724,1.957802,-2.5428538,-0.48361114,3.866408,2.5278144,6.249974,-0.0016571574
-0.39295006,4.9828734,0.56276524,0.991229,0.104380675,-0.0043605184,0.0809367,-0.32005042,1.2414634,-0.5671923,-0.5167378,0.32944956,-0.4980142,0.60466826,0.52299887,-0.53591275,1.981613,0.0575733,-0.1376278,0.5531923,-0.8140388,-0.6421768,-0.81489545,0.6827661,-0.10090052,2.9136546,-0.35553536,-0.9907265,0.005934551
-0.36203077,5.041848,0.52938074,0.9917459,0.10301819,0.035470113,0.06759607,-0.38277575,1.0517582,-0.44364405,-0.5220498,0.49867085,-0.5175659,0.44019425,0.5958977,0.76108384,0.049267773,-0.50111014,-0.10931373,0.76562834,-0.3100003,-0.62951785,-2.9392369,1.8279606,-0.017375205,0.48298395,-0.074950054,-2.2290812,1.3988148
-0.28769454,5.074714,0.5266938,0.99098706,0.06677094,-0.031037575,0.1119058,-0.5077609,0.65228295,-0.15560625,-0.52266884,0.4561322,-0.5209583,0.13802305,0.85202014,0.7954394,0.5229423,-0.3011471,-1.0301723,-2.1308517,1.673729,-1.8393942,-5.02935,3.967293,-0.0009149189,-1.1165701,-0.011559248,-4.0518136,3.7474675
-0.1864777,5.14786,0.52458656,0.9852962,0.018046627,-0.109982274,0.12949766,-0.538226,0.4622663,0.3459053,-0.52144665,0.24926223,-0.56833017,-0.34140736,1.2634087,1.5047363,1.2085869,1.3296713,0.10990727,0.041440494,-1.0077192,0.17885876,0.69664496,5.782663,0.012177668,-2.9106834,-0.87946045,-5.4110584,1.7869204
-0.042138528,5.2566943,0.63688886,0.99258935,0.022227058,-0.08641143,0.08249472,-0.4461932,0.5102448,0.60017484,-0.52196205,0.019639254,-0.7940384,-0.5960418,1.2484272,1.3242985,0.86160964,0.6357271,-0.5538698,0.90508556,-0.886179,1.6415178,0.21833861,-0.7686858,-0.0066124965,-1.700709,-3.5865443,0.70467347,-0.44290954
0.06339301,5.294134,0.68348545,0.99786055,-0.02075549,-0.060246855,-0.014623458,-0.17091946,0.6654734,0.3888847,-0.5223676,-0.0836471,-1.2655749,-0.38583636,1.0702078,0.75311804,-0.15305093,0.39988908,-1.480097,0.27848506,-3.0562007,3.8095424,2.819289,-3.414103,-0.0016484128,-0.37847707,-4.645511,3.4583597,-3.0771885
0.107867084,5.2267137,0.6865304,0.99536216,-0.09520065,-0.0086881295,-0.010749015,0.30882013,1.0701395,-0.04218453,-0.52192235,-0.07605097,-1.2706546,0.07054144,0.63438135,0.1679375,-1.5113984,0.19047765,0.11555794,-1.3741498,2.9042225,5.633196,5.113341,-5.046015,0.003345214,0.5120573,0.9648707,5.614536,-5.587436
0.12818496,5.038236,0.68235785,0.9635433,-0.009661963,-0.17284377,0.2039999,0.5949315,1.3011755,-0.59440315,-0.52144426,0.0017588057,-1.0387005,0.6528372,0.4680249,0.40041298,-1.5072474,-0.38487676,1.8156719,-3.1100018,4.4464507,-0.6245003,-0.830499,-2.462031,0.0027046627,1.0247626,3.5821502,1.3289633,0.6713709
0.15131168,4.977753,0.6711944,0.9115335,0.008990674,-0.18577717,0.3667598,0.44539693,1.0879025,-0.52077025,-0.5223619,0.14163317,-0.67856085,0.5203038,0.5115248,0.15264344,-0.44692317,-0.55131394,0.81611294,-0.06889691,2.9778109,-2.3450887,-3.3911338,2.3007247,-0.006844545,1.8248881,3.7537084,-2.643183,0.19093968
0.17833906,4.9277596,0.59848076,0.88572526,0.022941139,-0.07890308,0.45687944,0.12947322,0.64172375,-0.1951685,-0.6103444,0.26212478,-0.4748854,0.21168697,0.5210028,0.4971418,-1.109927,-0.73685557,2.1443763,5.212867,0.6637137,-3.7682967,-5.2744503,3.9952223,-1.7108943,0.61081314,-0.40383443,-3.4935288,0.033444837
0.2156949,4.7832623,0.5163772,0.84773064,0.03375331,0.08514692,0.5224591,-0.24076103,0.45721313,0.08093819,-0.77503616,0.39590195,-0.51165915,-0.036990702,0.6258748,0.14216271,-1.5955448,-0.59188724,-0.9160369,-1.5157974,2.2221155,-3.6854706,0.7933045,1.569368,-1.5444846,2.0357313,-0.1913775,-1.4677491,1.9397819
0.23021632,4.6455393,0.4701246,0.80494344,0.06153755,-0.019822497,0.5898188,-0.6004213,0.55991256,0.21751834,-0.8044618,0.52737164,-0.52138335,-0.16037138,0.8133903,0.2696758,-0.5838298,0.68490756,0.36923686,-1.5329126,-0.15411985,-0.7796362,1.2675185,1.0373853,1.016961,0.5338367,-0.03405605,-0.86523676,1.6732142
0.2602575,4.637909,0.5512471,0.82198244,0.08980514,-0.048947625,0.56025356,-0.5532551,0.5765947,0.40488374,-0.6279749,0.5198149,-0.5692996,-0.21990037,0.99787456,0.2853719,0.18146461,0.57957554,-0.17423192,-0.376638,-0.8917598,0.47976682,-0.90227133,2.7617788,2.4598505,-0.4651385,-0.95856273,-0.37427947,2.025831
0.2958001,4.658122,0.5678521,0.8293768,0.05617459,-0.079938635,0.55008036,-0.51280993,0.5005645,0.5668132,-0.49179354,0.37333372,-0.75753605,-0.2375767,1.1585271,0.45779204,0.17940652,-0.22453195,-1.656376,0.045626603,0.6870783,0.3304536,0.1621212,-0.34511852,-0.23683685,-2.4422102,-2.7727995,0.01450466,1.201175
0.3508931,4.6810117,0.52273923,0.81631595,-0.052315537,-0.091015525,0.56798553,-0.36816537,0.5414913,0.43597627,-0.5150988,0.076928705,-1.1001372,-0.11192235,1.1627957,0.66205144,0.26084596,-0.6830382,-1.8617215,1.9498256,0.65971696,2.526801,0.643116,-2.213916,-0.12485562,-3.489889,-4.069264,2.457113,-1.0809278
0.49156687,4.701848,0.5464138,0.8131759,-0.07384967,-0.0725108,0.5727419,-0.014973586,0.7019924,0.109983034,-0.52037936,-0.34233758,-1.2779723,0.25522208,0.9263357,2.0275428,0.25324726,1.3044674,0.72499216,-1.003014,-0.30491465,4.532969,2.456486,-4.3628683,-0.01733305,-4.816561,0.6287004,4.8462405,-3.5957541
0.68062407,4.7320046,0.64293414,0.82055104,-0.027213948,-0.079162136,0.56541026,0.47899494,0.9033234,-0.38162228,-0.5212669,-0.5851864,-1.1538416,0.582835,0.54742616,1.6141164,0.43403342,0.43462694,0.9130523,-0.3033326,-0.023522519,5.340641,1.6432536,-5.4535604,-0.0031384751,0.520349,1.7792287,-0.2549606,-3.9760652
0.82435733,4.779973,0.6382937,0.822038,0.027835691,-0.08134412,0.56290483,0.5595939,0.92371994,-0.569743,-0.57464814,-0.39460677,-0.8447626,0.53884166,0.49367562,1.357772,0.52326196,-0.5544469,0.8906929,-0.80269915,-0.612675,-0.63053983,-1.1886387,0.6512355,-1.0500048,3.2470453,4.358639,-0.2696152,0.50607526
0.9493687,4.8332486,0.53337437,0.838326,0.08471913,-0.07938758,0.5326629,0.41048077,0.6717709,-0.3761321,-0.77752155,0.019523058,-0.44298518,0.4251363,0.54873574,1.0606227,0.53770316,-1.3441607,0.7250641,0.6344611,-1.3002836,-2.316975,-3.81431,3.1640995,-2.950715,4.9934473,0.20687453,-1.9665692,0.58127373
1.0228394,4.9149284,0.4709006,0.87885267,0.051427335,0.053503085,0.4712862,0.17445473,0.45840174,0.04160906,-1.0692924,0.35621902,-0.49691346,0.14740683,0.615866,-0.1148218,0.53515,0.68814594,-0.74495095,0.39392948,0.76589143,-2.265021,0.6006318,5.172189,-2.939999,1.5075675,-0.42457476,-3.3140855,0.6544548
1.020264,4.939895,0.5855858,0.84462905,0.019819982,0.050981503,0.53255033,-0.012898728,0.5329987,0.5681451,-1.2179348,0.37940583,-0.62235236,-0.20550591,0.6468984,0.16438195,-0.054438744,0.8389954,-0.97199774,0.1531846,1.8746122,-1.6352465,0.58893615,2.4050508,-0.19136462,-1.0073324,-2.0529385,-3.935267,0.159434
1.0498443,4.927225,0.61661476,0.78868836,-0.027519982,0.026806002,0.6135917,-0.097384036,0.6041454,0.5505465,-1.1578197,0.17881338,-0.8982128,-0.470008,0.5721083,0.37678596,-0.15319748,-0.20476256,-1.1690625,0.19445832,1.7870256,-0.07406938,0.8311012,-0.8367709,1.3672816,-2.969194,-3.4386122,-1.3936718,-1.6270264
1.0990287,4.9112306,0.55187964,0.74173605,-0.06642597,-0.01770492,0.66715944,0.029562099,0.67644227,0.38285986,-0.9852947,-0.17932323,-1.1517122,-0.49202225,0.50008243,0.82794905,-0.09670568,-0.71365374,-0.5210386,-1.5680504,0.38404584,2.4799538,0.558486,-2.4362202,2.0961761,-4.1711884,-1.6495392,0.92823046,0.24723883
1.2485704,4.9219394,0.5698784,0.7350489,-0.037767515,-0.027900828,0.6763862,0.3736712,0.7823106,0.03532478,-0.67778087,-0.53482366,-1.2383343,-0.28657404,0.51734555,1.5254241,0.26176324,0.25993472,0.06271543,0.27451098,-0.06281785,4.5345345,1.6864194,-4.629602,3.9895267,-2.4889152,0.11119125,3.1414185,0.07898517
1.3819753,4.95279,0.5881948,0.7524879,-0.023117768,0.017038671,0.6579796,0.60797703,0.89077145,-0.5103153,-0.46770388,-0.5104228,-1.1150881,0.12890643,0.521317,1.1998132,0.18565828,-0.2183138,1.1921223,0.90464187,-0.34392998,-0.848433,0.5541011,-6.2875104,-0.49753568,1.7553717,2.327902,5.1255374,0.014202639
1.4883934,4.9940977,0.51800406,0.7928014,0.013797158,0.085153,0.6033445,0.54134256,0.94839084,-0.5781654,-0.61506534,-0.19985335,-0.7604983,0.542199,0.57889605,0.79614186,0.28132024,-0.8659693,1.1058449,-1.0914692,-1.6538708,-0.32496783,0.59811765,0.95035684,-2.4093654,4.3944955,4.729338,2.6533513,1.1077336
1.4856379,5.0087433,0.46829605,0.8394607,0.05455866,-0.0047119795,0.5406542,0.3982459,0.9253283,-0.42218155,-0.7892166,0.30712566,-0.45356837,0.5443681,0.7927772,-0.68545836,0.09142448,-0.25897726,-2.0781658,-0.88417786,-2.2776954,-2.4813278,-1.051958,2.16933,-1.10234,5.7045774,-0.44767472,-0.80366606,3.1344075
1.4632161,5.0297093,0.5066956,0.85571223,0.0714752,-0.031977598,0.5114932,0.083900176,0.8698971,-0.134271,-0.7760239,0.5796264,-0.50621396,0.44060808,1.0222296,-0.106490985,0.00032654405,1.1133239,-0.072166055,0.6358215,1.4214528,-3.3287735,0.24819274,3.2077537,1.3652724,-0.51258934,-0.29759407,-1.3470217,1.2980599
1.4494337,5.010156,0.57145345,0.8034444,0.043860663,-0.017083874,0.59351623,-0.22854905,0.87628174,0.1952457,-0.52421427,0.44226742,-0.56196165,0.32007214,1.1442358,-0.17140202,-0.2532738,0.1645064,-0.36466748,0.29261595,2.0438564,-2.96231,-0.1538155,3.3944702,3.6380215,-2.2009008,-0.805663,-1.066124,1.14996
1.4330078,4.9784126,0.5519278,0.74401397,0.0023017107,-0.033768464,0.6673062,-0.4111687,0.86867034,0.55908453,-0.48849142,0.11283493,-0.75009537,0.19309284,1.1473335,-0.100688316,-0.45415527,-0.6257467,-1.2739,0.25473255,2.2723408,-0.7365083,-0.003588482,1.6344455,-0.5169198,-4.368757,-2.9211643,-1.4601945,-1.0172228
1.4509655,4.9197397,0.50251967,0.67658055,-0.06461503,-0.11743086,0.72406745,-0.36253035,0.76013255,0.5481399,-0.5162305,-0.39884222,-1.1390915,0.03377972,0.9289948,0.39158013,-0.62257534,0.79931825,-3.0571074,0.111884706,0.5341497,1.6429586,-2.384895,-0.37788647,-0.10291824,-5.715809,-4.552996,-1.7001194,-3.3065996
1.4920832,4.8675346,0.5785612,0.6921841,-0.14634058,-0.18926565,0.68091416,-0.10636321,0.44527906,0.52857286,-0.5207697,-0.5785472,-1.2681547,-0.14470856,0.5251928,0.52457905,-0.39690733,0.6302346,-0.7643225,-0.2353061,-1.4558547,3.4096198,-0.79205835,-0.069715366,-0.0133700585,0.9165635,0.5747505,-1.8788505,-4.747463
1.5615577,4.8268137,0.6550856,0.7352207,-0.12904122,-0.2105771,0.63123393,0.30653703,0.49408415,0.52546746,-0.5213297,-0.47025138,-1.2318634,-0.20654885,0.47720072,0.8346513,-0.40292406,0.6340995,0.42838156,-0.42693812,-1.8221266,4.8576217,0.4942137,-0.010758815,-0.0026103032,1.2548995,0.15658464,0.6098579,0.67002773
1.6496385,4.774659,0.6753842,0.77292395,-0.11188219,-0.19789724,0.59237456,0.5716793,0.51826084,0.5244674,-0.52206784,-0.3039375,-1.2249277,-0.03228067,0.51414466,0.85617614,-0.6648394,-0.30927697,0.33046514,0.5035192,-0.73086166,-0.28903407,0.08416577,-0.005996494,-0.0049199555,2.0673835,0.021508522,2.8487403,0.14394988
1.7499595,4.7109394,0.62012,0.7972441,-0.0983841,-0.14366406,0.57799923,0.53592527,0.521892,0.43516326,-0.5269462,-0.029351275,-1.2230471,0.34828576,0.5206991,1.1341414,-0.6258963,-0.8318211,1.4525086,0.94547135,-0.26974916,-0.20403457,0.0111696115,-1.7640717,-0.08915052,3.4060678,0.009630808,4.7339816,0.021056317
1.8661674,4.651483,0.4971951,0.806125,-0.04367212,-0.044079132,0.58848304,0.52636236,0.5636894,0.13971175,-0.552366,0.4297153,-1.1189097,0.58585113,0.5222615,1.0400952,-0.52101225,-1.4748094,2.1773543,1.3081445,0.22514385,-0.031251557,0.80388236,-4.10702,-0.4185883,5.7296133,2.0238981,-0.5667173,0.0073763016
1.9014889,4.663006,0.46832994,0.8150972,-0.04673686,0.034530442,0.57640254,0.523736,0.5507205,-0.35726205,-0.7094929,0.5880794,-0.7946527,0.5372335,0.6329866,0.07663975,0.28511348,0.06802181,-0.015385111,-1.1225176,-0.06388642,0.015428024,-0.9153962,-5.835193,-2.6518204,-0.81482375,4.4827943,-0.246652,2.113591
1.9241407,4.665932,0.5071797,0.8091947,0.020198902,-0.014856571,0.5870053,0.394947,0.5100271,-0.5704636,-0.822068,0.536737,-0.43601766,0.52653444,0.9002523,0.29290703,-0.04554136,0.33932486,0.4399744,-1.7457883,0.3529385,-2.540029,0.14271267,0.50671184,0.25627846,-0.22119965,-0.24395366,-0.02997212,3.3096604
1.955251,4.6714835,0.49415746,0.7914051,0.087702,-0.07521044,0.60027474,0.026324537,0.51994157,-0.40403175,-0.65856814,0.41249302,-0.49999157,0.52543175,1.2634138,0.28753367,0.204313,-0.5103205,0.2997317,-1.4006597,0.45717242,-4.7959175,0.04503777,2.7682452,2.9712358,-2.2088473,-0.41461027,-0.0025261608,1.6151754
1.9989727,4.785261,0.5210589,0.78122663,0.042903125,-0.082696244,0.6172565,-0.5378007,0.52223635,-0.04075089,-0.47752136,0.09551958,-0.60247266,0.5245865,1.2284062,0.548229,1.7320068,0.49677637,-0.9051172,1.5907134,0.29121274,-5.3113008,0.00835934,4.6183953,-0.3695019,-4.2306743,-1.7040515,-0.005393497,-1.1724914
2.0690503,4.910874,0.53183365,0.79698855,-0.02780847,-0.06576575,0.599759,-0.56441224,0.52265865,0.51692057,-0.5118136,-0.40694273,-0.8856964,0.49582636,1.0401598,0.71481776,-0.05400033,-0.038278792,-0.05436134,0.14791876,-0.3830049,1.1506228,0.0023990807,6.4716544,-0.17933932,-5.805001,-3.9190493,-0.5683726,-2.5747328
2.1507137,4.8377295,0.55445206,0.81877977,-0.11462138,-0.061209563,0.5592093,-0.33233374,0.5224441,0.5842192,-0.5202858,-0.5796795,-1.3023399,0.45907363,0.70614886,0.815861,-0.8039723,-0.09738573,-1.1115024,1.6591017,-1.2753521,3.5316875,-0.0006362211,-0.88901466,-0.027906602,0.677048,-1.098447,-0.1984363,-4.0817933
2.25332,4.7667828,0.5411382,0.87833244,-0.07449961,-0.06742639,0.467371,0.13760756,0.6470504,0.36413708,-0.5215013,-0.43866184,-1.2547997,0.55326474,0.45170176,1.0388312,-0.34108323,0.5612911,1.0415062,-0.9405015,-2.646597,5.8011374,2.3296745,-3.4870975,-0.0043834825,2.146498,0.5426953,0.42219177,0.56133807
2.3303628,4.759555,0.5996345,0.9316803,-0.034688435,-0.057601456,0.35700217,0.6015838,0.9291034,-0.083244324,-0.5218682,-0.10326729,-1.2260544,0.5369544,0.5059417,0.45198867,-0.0060008815,0.34923446,0.73731047,0.7930168,-2.03236,0.28816745,3.3226476,-5.443085,-0.0016630644,4.5265307,0.094171956,-0.1937184,0.28771156
2.3515432,4.770657,0.6068949,0.9645314,0.016008737,0.02293012,0.26248243,0.54953384,1.2128421,-0.63365746,-0.5229677,0.46564558,-1.0846412,0.52712893,0.520368,0.17345312,0.32030416,-0.35336804,1.6898959,1.3129935,-3.0184832,-0.42562464,2.391332,-1.3143612,-0.007194599,6.8297863,2.7248995,-0.03477979,0.051576585
2.3939621,4.8130236,0.561128,0.9802393,0.075828776,0.08224276,0.1631475,0.5283459,1.2217845,-0.5666589,-0.57566,0.573078,-0.6895342,0.48148632,0.6053177,0.20762272,0.46036917,-0.5909362,1.4490873,-1.6440356,-0.90891093,-0.0758015,-1.1243743,0.71896744,-1.0227034,-0.66464716,5.153736,-0.78272086,1.6027554
2.400799,4.876315,0.5026865,0.98542356,0.08014449,-0.04051583,0.14448416,0.43866324,0.9915741,-0.36713746,-0.56054026,0.4479968,-0.43033418,0.31232333,0.7895854,0.09233692,0.71738523,-0.64809036,-2.3239872,-1.8665296,0.5225706,-1.6884512,-3.4517481,3.2315469,1.2884083,-1.8178697,-0.9479555,-2.5988982,2.0675042
2.4662733,4.9763784,0.45495218,0.98656803,0.00082758936,-0.07002198,0.1475795,0.16771795,0.5215732,0.059545614,-0.50830346,0.1524158,-0.5028241,-0.058752693,1.0344144,1.7160625,1.6566569,0.78967595,-0.09591112,0.6223011,-0.4051942,-3.6618922,-4.8244104,5.008408,-0.15407221,-3.937134,-0.34855705,-4.6999817,2.6095357
2.6474962,5.154855,0.58845437,0.9894902,-0.01596182,-0.08974704,0.11224885,-0.3084301,0.4819182,0.5929301,-0.5199822,-0.15685788,-0.64821637,-0.5774098,1.270283,1.7480907,1.7018601,1.0342046,-0.92034984,-0.33492342,-0.24107057,-5.8592515,0.588573,1.6757685,-0.05951968,-2.2902288,-2.5253692,-4.620048,0.12625916
2.8175564,5.3010774,0.64113826,0.9918817,-0.07087984,-0.09047055,0.054421883,-0.58694243,0.5150339,0.5519613,-0.60867286,-0.32984605,-1.0218494,-0.55026066,1.2271465,1.6931411,1.2996908,0.04925337,-1.3401995,0.48302886,-1.8997607,0.5975421,0.13127394,-0.85320455,-1.6835823,-1.1883233,-4.9037104,2.0866687,-0.6149109
2.9852023,5.4058537,0.6175869,0.99168473,-0.12582229,-0.025611455,-0.008611003,-0.4110234,0.65332794,0.34120023,-0.6649934,-0.33372912,-1.3005464,-0.21106352,1.0529803,1.6763734,0.8829312,-0.600766,-1.0316571,1.7738448,-0.66836953,2.896624,2.600881,-3.372454,0.5098605,1.0894074,0.6495669,4.654467,-2.8329058
3.130315,5.4150434,0.61119914,0.99211615,-0.10513588,-0.03354853,-0.05938422,-0.016396722,1.0333587,-0.09661018,-0.49416038,-0.22029178,-1.2402772,0.3729959,0.64220285,1.3162968,-0.70345557,0.40721723,2.1736054,-1.7209387,-1.4093376,4.945313,4.9322553,-5.333532,1.0642744,1.1798725,0.31517813,6.987641,-5.336874
3.273354,5.382148,0.6262099,0.991216,-0.041227564,-0.07335373,-0.10203101,0.5162911,1.2777784,-0.646576,-0.5056443,-0.12954758,-1.0626663,0.615345,0.45329526,1.7487216,0.002178781,-0.05502675,0.3232237,-0.11202862,-1.215347,5.716859,-0.4824337,-1.2332786,-0.27504534,0.67721415,3.1478903,-1.1061099,0.838873
3.450038,5.3953977,0.5739279,0.984393,-0.012174037,-0.06840045,-0.16168985,0.5576779,1.1027849,-0.51138973,-0.63021785,0.029746398,-0.65158623,0.4575194,0.50956845,1.7666882,0.20768607,-1.0394177,0.653385,0.31241912,-1.3347406,-1.7035464,-2.976934,2.764459,-2.183401,2.4765286,5.055384,-2.0310545,0.25213972
3.639819,5.410845,0.43910894,0.974627,0.03708783,-0.03843384,-0.21736953,0.27130398,0.676545,-0.10994743,-0.8094815,0.17754292,-0.46258843,0.12360918,0.6308911,2.2039146,-0.056957576,-1.3444412,1.6235471,2.0880163,-1.4695101,-3.9639761,-5.5054154,5.1469984,-1.393401,0.5468764,-0.6942625,-4.6007566,2.1286733
3.9349961,5.448759,0.53152233,0.9722875,0.011029698,-0.02508206,-0.2321774,-0.09989468,0.46285266,0.4796741,-0.8227773,0.26704606,-0.51677257,-0.41311347,0.91117185,3.18345,0.46836898,1.2555984,-1.6513139,-1.3098602,-0.18312736,-3.450519,0.6635176,6.860672,0.7622625,1.2737658,-0.37956136,-6.4294353,3.74188
4.218391,5.477104,0.6079879,0.9668036,-0.0791355,-0.013020441,-0.24260843,-0.2996155,0.5102544,0.57607234,-0.8276283,0.41311786,-0.69637346,-0.5863673,1.1708314,2.7090364,0.19653234,0.26978382,-1.9608785,0.2857433,-0.42520508,-0.58106434,0.22036733,-0.7441993,-0.8598138,1.6457056,-3.156351,0.8260231,1.49622
4.4756484,5.483042,0.605437,0.9535932,-0.15425947,0.050624907,-0.25357667,-0.21866082,0.6735882,0.3660347,-0.7847522,0.5546927,-1.123235,-0.36716175,1.1707749,2.1000772,-0.22437994,0.21797542,-0.86729753,-0.47444165,-0.30886903,2.059759,2.9939241,-3.3625116,1.6830599,0.028355304,-5.337889,3.5166113,-1.4399917
4.640564,5.3924894,0.6889159,0.95793456,-0.14889775,-0.012348075,-0.24502729,0.050752398,1.0901735,-0.06427185,-0.50879925,0.5339856,-1.2598699,0.10880467,0.89186007,1.51476,-1.0776522,0.51399237,1.1138618,-1.8835589,-0.22091515,3.5267165,5.369844,-5.4588537,3.0192838,-0.15357338,1.0416552,5.9584537,-4.1049085
4.797606,5.283152,0.68275684,0.9609795,-0.10633167,-0.09387157,-0.23748696,0.47628793,1.2854254,-0.64152277,-0.4941857,0.46776628,-1.0190116,0.63662606,0.4329088,1.9834373,-1.0037496,-0.5950642,1.2013395,-1.9898098,0.0137377,4.965068,-0.7384351,-1.4272782,-0.44177112,-1.165609,3.739563,0.16118844,-1.2168412
5.002836,5.189945,0.5756457,0.95202595,-0.06752095,-0.21332881,-0.20875418,0.5527151,1.1129565,-0.51966333,-0.63032067,0.3401498,-0.52679926,0.55794007,0.4859709,2.0628896,-0.9482735,-1.4870603,1.980637,-1.8332725,0.09891752,-1.1387974,-2.674758,2.5368779,-2.2283406,-1.3722397,6.067392,-0.59403664,0.60103506
5.172836,5.0225673,0.5663865,0.9812735,0.04697158,-0.075807735,-0.17073147,0.34236732,0.7438204,-0.19972204,-0.7490126,0.109306104,-0.46418402,0.3762068,0.51640546,0.4895093,-2.5300233,0.22877687,1.458181,6.288128,1.9416474,-2.9074533,-4.4840417,4.0224104,-0.3367363,-3.4341698,-0.8529939,-3.0072691,0.11003026
5.1606627,4.8100677,0.5943014,0.9930663,0.07180133,0.09303584,0.002862622,-0.02117187,0.45753735,0.055730637,-0.8992117,-0.082207546,-0.51192003,0.09934852,0.63929695,-0.62298006,-1.5886313,0.5939623,-2.0086617,0.4698046,3.9890501,-4.3967338,0.43116173,1.1434357,-2.62181,-0.41902587,-0.18819404,-2.5312226,2.3247614
5.0829315,4.6514344,0.604671,0.97340244,-0.028625995,0.087431096,0.20981896,-0.4235299,0.5590627,0.12478674,-1.0049992,-0.12072871,-0.62257576,-0.08048162,0.7754642,-0.8708971,-1.6406106,-0.4372307,-2.6588116,0.11746344,3.925002,-3.656602,1.5526298,0.24927685,0.45441005,-0.35361522,-1.9944383,-1.0908535,0.42063445
4.980118,4.46711,0.5448747,0.9494138,0.00079810846,0.018154653,0.3135016,-0.54978347,0.78596294,0.09090289,-0.83489966,-0.1489247,-0.7732381,-0.1178439,0.73982155,-1.2345929,-1.9795371,-0.91733736,1.341229,-2.2364106,0.8653328,0.4508294,3.0696654,-0.9307667,2.9034824,-0.23351598,-1.0569301,0.37728766,-1.1490322
4.894642,4.3448086,0.53739804,0.9439611,0.043456316,0.003135909,0.32716838,-0.4527948,1.0880405,-0.045594122,-0.4943677,-0.1310008,-0.83776003,-0.015310796,0.58398175,-0.260952,-0.70950174,1.2530447,1.6196488,0.11704882,-0.4696652,1.4299389,2.6856472,-1.7717648,3.14386,0.76927394,-0.09608577,1.5110269,-1.7320514
4.869121,4.2644615,0.6318029,0.94851077,0.08962375,0.07867761,0.29343608,-0.19900848,1.260826,-0.34330368,-0.48905239,-0.044592462,-0.81085944,0.25567,0.48716316,-0.27351153,-0.9027203,0.46346933,1.0820615,1.3665051,-0.87951094,3.6139014,-0.24686886,-4.146343,-0.5310254,0.90460986,0.61044544,3.9235575,0.35820314
4.8384104,4.1893,0.63508034,0.95403427,0.12389895,0.13548304,0.23687978,0.22181661,1.2171197,-0.596105,-0.51724315,0.16945902,-0.6375823,0.59398353,0.5154325,-0.38057205,-0.367453,-0.23976122,1.0338646,-1.0310928,-0.44812796,4.7691445,-0.5418012,0.57753617,-0.10639429,3.3057435,2.8315568,0.11281386,0.13804328
4.7813487,4.172485,0.5989988,0.96017414,0.16264455,0.08710796,0.20982027,0.59986806,1.0331279,-0.44354573,-0.533895,0.53720105,-0.47215042,0.50327164,0.5477307,-1.0545555,0.15735176,0.105879724,-1.2136217,-0.34122607,-0.84160626,0.09363718,-3.1028743,2.4522316,-0.22389677,3.1307435,-0.46527383,-1.503269,0.44554564
4.689928,4.20339,0.5672881,0.9703611,0.10065789,0.0467579,0.21466489,0.54759973,0.6196305,-0.0958155,-0.6675861,0.52634823,-0.510944,0.2627795,0.6018491,-0.8417107,0.42621756,-0.81413877,-1.4473225,-0.4494011,0.31450316,-0.39212114,-5.135974,4.4880195,-2.4157667,-1.5865132,-0.19445007,-3.2981405,0.63426596
4.620465,4.2848926,0.48549905,0.962711,0.056793414,0.017093161,0.26395047,0.51827735,0.46931702,0.4626286,-1.0234456,0.25598028,-0.52003866,-0.1742978,0.5869058,-0.12739883,1.7068481,0.1362338,0.33128613,2.8457038,0.7062687,-0.16078655,0.66541874,6.3603606,-4.50919,-3.5827415,-0.029078137,-5.3762813,-1.0167465
4.6106873,4.458417,0.5250642,0.9264546,-0.0034967437,0.10906264,0.36024293,0.5320051,0.60948265,0.5668308,-1.2659072,-0.20786868,-0.5227078,-0.6013255,0.49707592,-0.11764097,1.5633706,-0.01392225,-1.2274324,1.8768034,1.7217158,-0.06237962,2.1042252,-0.5745114,0.26101944,-5.614898,-0.01362396,-0.8236629,0.2084043
4.5938106,4.588396,0.53902304,0.90374005,-0.019769667,0.13959391,0.40419874,0.52720165,0.94227916,0.3830387,-1.0978094,-0.62890494,-0.5961729,-0.49179247,0.5158213,-0.65116996,0.8055549,1.2389787,0.7610533,-1.2392431,-0.5480029,-0.018706417,4.3152657,-3.0420384,3.0467772,0.35673273,-1.4445543,2.205162,0.0927887
4.517574,4.6540513,0.6196988,0.9217073,0.05423138,0.08782909,0.37389934,0.52612364,1.2941686,-0.03961837,-0.6738542,-0.5523848,-0.6076177,-0.14479192,0.52047634,-0.7932547,0.4806078,0.1854574,0.6253173,-1.592835,-0.46645582,-0.0046590753,-0.07028081,-5.3747473,5.3989863,0.48471582,1.1673013,4.7272687,0.016867079
4.4281993,4.7018213,0.58674425,0.9334079,0.111488424,0.04635969,0.33789173,0.5255111,1.1770089,-0.6039869,-0.4689044,-0.419383,-0.49860805,0.36233276,0.52157843,-0.8835567,0.6354576,-0.8122957,0.88161486,-0.8764062,-1.470884,-0.0030015216,-2.1098645,-1.676252,-0.59891075,2.169122,-0.1199096,5.419979,0.004941988
4.3389797,4.795411,0.47684675,0.9547508,0.13072552,0.055073183,0.26139766,0.52509826,0.86639357,-0.5513892,-0.51150763,-0.10812909,-0.515683,0.58655775,0.5215575,-1.0361801,1.4219756,-0.75763845,-1.2628732,0.9422136,-1.5792755,-0.0024275552,-4.0751615,1.0690161,-0.19732092,3.886116,-0.099023506,-0.73884666,-0.003547744
4.2206287,4.97874,0.42639193,0.96954376,0.014301239,0.007680177,0.24437958,0.5249689,0.44388983,-0.31590447,-0.6327569,0.11999161,-0.5203615,0.40271866,0.5366431,-1.1704047,2.0325303,-0.8278931,-2.204578,-1.0169502,0.1297955,-0.00024522672,-0.86510575,3.6165693,-2.2076874,0.8653165,-0.017005982,-3.0901978,0.3818984
4.186922,5.206236,0.44161013,0.9709346,0.04403674,0.01924724,0.2344701,0.45201218,0.49201575,0.14461565,-0.890979,0.0647495,-0.5211118,-0.010854338,0.5411773,0.10708936,2.7594278,1.3310261,0.85242635,0.06756808,0.16584057,-1.4629061,0.5017145,5.5617304,-2.8453925,-1.9390675,-0.0024017752,-5.069604,-0.38116875
4.195529,5.471047,0.54668474,0.9661538,0.075198546,0.039291825,0.24361467,0.31151098,0.517778,0.6152868,-1.1108729,-0.16319428,-0.5241797,-0.41552305,0.5130636,0.096288085,2.424802,0.562768,0.40146384,0.3119347,0.57239205,-1.3571805,0.09405064,0.20607395,-1.6473758,-2.6248584,-0.048696205,-3.0732515,0.09529793
4.1997967,5.702707,0.55853295,0.9630267,0.07571971,0.04946163,0.25377083,0.16708843,0.6286004,0.50927365,-1.1334741,-0.36840805,-0.662043,-0.5450364,0.5210157,-0.04467047,2.2121792,-0.2767622,-0.6649246,0.017735347,-0.39426592,-1.5224457,2.0860949,-1.8218061,1.1518171,-1.4941276,-2.6671798,0.47689325,0.039728817
4.200847,5.9116755,0.49750578,0.9725445,0.034347866,0.04950357,0.22478178,0.14208166,0.96619,0.19670357,-0.8964728,-0.5120998,-0.9522967,-0.3613114,0.52160776,0.3740163,1.7230493,0.25219718,-0.51161546,1.1057899,-0.53931075,0.8916035,4.326183,-4.3948727,3.529266,-1.2467294,-2.809184,3.1469965,-0.0027223125
4.2667394,6.054622,0.5920734,0.9770997,0.07921099,0.06660636,0.18591775,0.35313275,1.3097371,-0.35969687,-0.4755165,-0.5333633,-1.0593334,0.07815493,0.5213504,0.6117888,1.2337241,0.64555347,1.4508692,-0.27596623,-0.978645,3.371129,-0.2583206,-6.702378,1.9867646,0.112934165,0.35987735,5.611737,-0.0015810159
4.335123,6.198341,0.6038843,0.9782997,0.16327223,0.081330724,0.09827127,0.5658175,1.157802,-0.5957023,-0.49514103,-0.43937665,-0.8907318,0.5882305,0.52213097,0.7431054,1.7204055,-0.3957988,2.0896182,-0.12737572,-1.420587,-0.1144309,-2.6620486,0.8436724,-0.61327803,1.7209393,2.9721746,1.3882118,0.005955718
4.372259,6.3805914,0.5571292,0.9742731,0.22293471,0.02523504,0.021337217,0.5348417,0.77514756,-0.538466,-0.51963574,-0.22268234,-0.48942798,0.5145869,0.52281314,0.23133725,1.9454042,-0.51535684,0.106261805,-1.4331344,-0.91110235,-0.20910892,-4.960358,0.25815454,-0.064938374,2.575844,3.3747923,-1.8769382,0.0028334383
4.3924713,6.5963845,0.5550849,0.99080455,0.13491724,0.0024196994,0.009890345,0.48866826,0.4492289,-0.38395247,-0.5229666,-0.03666469,-0.48460385,0.2438935,0.5857598,0.27514133,2.2426753,-0.29409567,-1.7402527,-0.5902521,0.07562077,-0.679445,0.4716912,2.8139634,-0.011934454,1.3214065,-0.57890147,-3.7371364,1.3324925
4.4295645,6.827022,0.48978347,0.99744374,0.023589654,-0.058873042,0.03291698,0.33065695,0.50441647,0.01719128,-0.5720391,-0.025401061,-0.51579255,-0.24282722,0.8426954,0.426082,2.368119,-1.0428554,-2.9025924,-1.5426711,1.042259,-2.4484243,0.31085956,5.170705,-0.95072824,-1.0518488,-0.119509056,-5.9706464,3.7633512
4.559183,7.0852222,0.53378415,0.9955377,-0.08970488,-0.027886711,-0.008947739,-0.005008241,0.51895136,0.5674301,-0.59229743,-0.23866773,-0.5753004,-0.61306345,1.2519516,1.3687347,2.5561857,0.59247106,-2.1313777,1.7474148,-0.86204374,-4.3056593,0.04751085,2.6243594,0.25244418,-3.3235426,-1.0918229,0.62454253,1.9909904
4.6634126,7.325205,0.58153754,0.98926365,-0.1342086,0.028728357,-0.050201334,-0.29705817,0.65912163,0.5175166,-0.61493164,-0.476667,-0.80791897,-0.43403998,1.2000289,0.52557915,2.1960335,0.5982195,0.8359923,0.015879804,-0.8099558,-1.5832423,2.7286756,-2.0752966,-0.6860453,-1.4588977,-3.5181937,2.9170804,-2.0476246
4.703935,7.529442,0.60216385,0.98796135,-0.083147146,-0.027545344,-0.12751529,-0.3216994,1.0597146,0.18020077,-0.5655305,-0.5173591,-1.1649023,-0.012852236,0.8698082,0.2826262,1.9400597,-0.30668843,1.3811407,-1.5332004,-2.250636,1.064789,5.238373,-4.631989,1.6341658,0.6093739,-3.6203818,5.459971,-4.5176377
4.71033,7.6744266,0.6493769,0.9774317,-0.124402165,-0.05427712,-0.16188075,-0.15264848,1.269587,-0.39533457,-0.50584084,-0.48928475,-1.2362297,0.5903382,0.46314672,-0.24957408,0.9276677,1.1289827,0.31309828,-0.3426115,1.4929049,2.2309241,-0.48000666,-6.6803823,-0.20024745,-0.16116428,1.2584429,2.7079134,-0.42331842
4.714474,7.782144,0.7089515,0.98680186,-0.10733594,-0.0827962,-0.088577054,-0.06831419,1.224665,-0.57798874,-0.5198613,-0.53956515,-0.98093677,0.5662744,0.501987,0.1636276,1.1520324,0.06375056,0.7570239,-0.82936114,1.0521469,-0.4956246,-0.3649208,0.9501047,-0.06440819,0.023880864,3.8002024,-0.66322565,0.35548094
4.7332582,7.904699,0.66263604,0.9906198,-0.057818122,-0.11987925,-0.03095979,-0.2548787,1.0676751,-0.3492478,-0.6429476,-0.5290617,-0.4853177,0.46640772,0.51967084,0.18468124,1.3242,-0.96950287,1.5008972,-0.5772807,0.92616045,-3.189554,-2.7384694,3.5832224,-2.3574834,0.0710618,4.9142213,-1.3241808,0.062524274
4.7743635,8.033541,0.5655977,0.99094915,0.07947058,-0.1081831,-0.00082112127,-0.5816129,0.67056024,0.124184184,-0.8530076,-0.5260812,-0.47083104,0.20264989,0.651297,0.6094878,1.1178417,-0.9859721,1.47891,1.8182282,0.4380758,-0.29898697,-5.190173,5.8905,-1.8367661,0.01013903,-0.78423727,-3.9211879,2.5397158
4.8819203,8.173445,0.56575876,0.99763906,0.042938143,-0.040049963,0.03561841,-0.5443835,0.4663875,0.6357692,-0.8788862,-0.46319473,-0.5634688,-0.28822595,1.0076079,1.3934779,1.6116107,1.040804,-3.3238442,0.11114194,1.2131331,0.32175893,0.61915374,0.10374915,1.3809917,1.1542952,-1.1446439,-5.844265,4.435969
5.0086355,8.32246,0.61796904,0.9901688,-0.117331244,-0.034060482,0.06811009,-0.42761353,0.53164595,0.54066205,-0.7634351,-0.256665,-0.8161503,-0.6022464,1.2744477,1.118101,1.416016,0.009522437,-2.8182302,0.46047103,0.293203,1.9848989,0.6703634,-1.1867778,0.9284605,2.9542568,-3.8612082,0.6283589,-0.16346377
5.1265464,8.41652,0.6452835,0.9731551,-0.21475597,-0.023268426,0.07942048,-0.11478331,0.72826093,0.30514273,-0.66572577,0.024448797,-1.225164,-0.40024915,1.1161281,1.380834,0.028689781,1.4963567,-0.033516046,-0.7808718,-0.45175216,3.9515486,3.0895295,-3.241988,1.1453224,2.6708884,-3.5690124,3.3768837,-2.9440715
5.2693653,8.385169,0.7887946,0.97918755,-0.16158088,-0.09568266,0.07699459,0.3860926,1.1182548,-0.12760389,-0.49257302,0.38131416,-1.227501,0.061847255,0.69507354,1.3932935,-0.4855622,1.0540558,1.669967,-1.4067541,-0.37858814,6.1194324,4.7138443,-5.4795566,0.23273401,4.444061,1.5315936,5.82407,-5.4442234
5.411757,8.334258,0.83698225,0.97884035,-0.08313052,-0.15833656,0.09945056,0.589881,1.2651291,-0.60756373,-0.51145023,0.5958777,-0.9383802,0.6576448,0.4279546,1.7072433,-0.2482323,-0.037851986,1.4087924,-2.0006068,0.74968404,-0.8237912,-0.82459706,-0.34014803,-0.17779176,-0.7353442,4.2109604,1.3200299,0.98235583
5.5886564,8.322402,0.78150254,0.95678955,-0.006749965,-0.23870234,0.16591986,0.38607913,1.0702051,-0.47135404,-0.543247,0.5126375,-0.45008448,0.54961574,0.5024998,1.7730681,-0.059791774,-0.98771554,1.2315555,-1.4588039,1.0038872,-3.2092574,-3.0448387,2.7113738,-0.44805336,-0.8934251,2.13381,-1.80176,0.35728177
5.7741237,8.336069,0.6558057,0.93512255,0.064365275,-0.273171,0.21628802,-0.059367392,0.64904326,-0.079564445,-0.52648944,0.2874766,-0.48339972,0.2713593,0.520166,2.1512544,0.5483704,-1.1579179,3.4076962,-0.88983476,-1.4024658,-5.5940557,-5.322613,4.884598,0.7706776,-3.5232272,-0.6251,-3.7006173,0.061883196
6.071201,8.42126,0.7324318,0.9581973,0.09365486,-0.14981475,0.22503835,-0.62234104,0.4624444,0.45845076,-0.5220163,-0.11777843,-0.5154681,-0.18221022,0.55594176,3.4131854,0.7998806,0.88965625,0.30803448,2.8115885,-0.3357735,-1.4644591,0.72496265,6.388864,-0.31705275,-5.0786033,-0.12181735,-5.2887845,0.6441939
6.4158874,8.464477,0.7571313,0.9713392,0.07673229,0.009822478,0.22475727,-0.56534547,0.51046455,0.58885497,-0.6681769,-0.48839298,-0.66051674,-0.58916736,0.64983994,3.337538,0.21441482,-0.34122863,0.5786937,3.6306348,-0.79465175,0.6746922,0.2135316,-0.85803896,-2.5721147,-2.3556972,-2.7354763,-0.2562354,1.2229632
6.7292824,8.496389,0.6920169,0.96769226,0.037884697,0.17880207,0.17368431,-0.53095007,0.66368693,0.41000047,-0.7816638,-0.5396737,-0.94586724,-0.46892884,0.7701992,2.5943892,0.76039994,-0.40255246,-2.3939857,2.957293,-2.2005198,0.12490329,2.802095,-2.6762345,0.26248693,0.6686103,-2.9817734,2.3486834,1.2604027
6.9026265,8.569389,0.75972366,0.9781801,0.02037904,0.19283433,0.07458775,-0.3513028,1.0609486,0.016565517,-0.64927655,-0.44144392,-1.1423612,-0.14222245,0.75130653,1.4697081,0.6356645,0.5701496,1.0218772,-0.8909266,-2.1487873,3.1657445,5.1878333,-5.1552896,2.364152,1.2637466,-0.9872861,4.443773,-1.5926439
7.0337005,8.633908,0.7629475,0.9844375,0.05177186,0.16252613,-0.042281527,0.04576743,1.3125632,-0.56856304,-0.48741835,-0.3569352,-1.0964818,0.3988529,0.4858439,1.3417585,0.7164308,-0.5057796,0.9506382,-0.67777926,-2.8805845,4.7635703,-0.9385542,-2.818667,-0.21623954,0.45396572,1.8608384,6.3596287,-1.41953
7.1885815,8.727446,0.6570466,0.9747313,0.074637495,0.11446834,-0.17670617,0.44907525,1.0996718,-0.550047,-0.51437104,-0.2909893,-0.7857016,0.5881854,0.49980304,1.6514632,1.0736755,-1.5964781,0.94832444,-1.2433661,-2.0877097,3.3224964,-3.2840235,1.0784314,-0.15436022,0.8541087,4.3097153,-1.2626268,0.35721093
7.3470273,8.857733,0.48579618,0.9638764,0.062614545,0.001596223,-0.25888047,0.5439317,0.6489059,-0.31049842,-0.55065197,-0.20906845,-0.43591076,0.33347803,0.56415486,1.6039966,0.7692457,-1.5119107,1.2463194,-2.1165657,-0.8561152,-0.8501884,-5.6769395,3.630022,-0.55641127,0.762985,-0.2571165,-3.7682238,0.8902791
7.547334,8.862883,0.50538224,0.96189916,0.038883865,-0.049482975,-0.26606303,0.34078676,0.44840404,0.13119179,-0.6172904,-0.2620092,-0.49865574,-0.100807354,0.69113094,2.284143,-0.12127225,0.7791771,-1.8761035,-0.09529257,0.6104647,-3.1796472,0.8969671,5.340968,-0.79093874,-1.7418983,-0.4089946,-5.0774727,1.7008325
7.769615,8.859436,0.5308348,0.9688257,-0.043053232,-0.0020474289,-0.24396515,0.015124653,0.5079645,0.59478027,-0.758229,-0.30206037,-0.62544256,-0.62096536,0.860418,1.8962646,-0.02907849,-0.21969332,-1.4145249,1.9947336,0.47301662,-3.3378954,0.26499796,0.42715192,-1.9721172,0.89926416,-2.111816,-1.3170247,1.6812421
7.9137497,8.850554,0.50581867,0.97260773,-0.031857688,0.03904635,-0.2269244,-0.1753732,0.6743753,0.4687366,-0.83225113,-0.14227942,-0.9571978,-0.5096703,0.9104692,0.84430474,-0.21932231,-0.12683877,1.7374868,-0.9230382,0.3659918,-0.5343056,3.0295892,-2.6326482,0.4539001,2.2765172,-4.4784236,2.4861946,-0.6409666
7.9600463,8.852001,0.60929495,0.9685645,0.0062280283,0.008550319,-0.24853761,-0.20577833,1.0591748,0.082614444,-0.6598186,0.13564709,-1.1947424,-0.13867322,0.71471906,0.25971383,0.11611605,1.4448341,0.36624736,-0.17319718,-0.8780753,-0.14177096,4.8218784,-5.0488973,2.971252,3.292314,-0.55245364,4.9232035,-3.2186236
7.951904,8.836342,0.70296484,0.9728998,-0.0071792966,0.025346532,-0.22972164,-0.13872266,1.3034148,-0.5270565,-0.47383592,0.46714184,-1.108763,0.46736237,0.44701228,-0.38908213,-0.564077,0.5312385,-1.2387291,0.38790712,1.8201357,1.4621807,-0.81098974,-5.824832,-0.37405732,3.3234682,2.2289891,7.158502,0.29656324
7.960177,8.78788,0.6996789,0.99133253,-0.05061685,0.023794832,-0.11887608,-0.039164413,1.2396394,-0.56784314,-0.51101774,0.5551099,-0.7582435,0.57500565,0.50313747,0.21822497,-0.45078492,-0.5870187,-0.6015821,-0.59176123,2.4153943,0.5458224,-0.31119627,1.0494244,-0.1992261,-0.4511804,4.7317615,-0.7268637,0.3492574
7.960983,8.726124,0.6339078,0.9971907,-0.06975218,-0.027141549,0.0029394564,-0.11037004,1.113008,-0.3275791,-0.5733808,0.4096665,-0.45493078,0.40830576,0.5195862,-0.034204602,-0.60338587,-0.9364466,-0.42124015,-0.99632144,2.5350542,-1.909379,-2.2732604,3.7111194,-1.028326,-2.4283633,-0.44057295,-2.589568,0.05465574
7.9601603,8.677821,0.531829,0.99338126,8.259464e-05,-0.045043204,0.10566373,-0.3970408,0.77187806,0.15781434,-0.64660966,0.049831457,-0.5065404,0.05265392,0.5544146,0.16372247,-0.27009133,-1.2020078,3.544199,0.054324616,1.24113,-3.7807167,-4.5535107,5.944565,-0.43282607,-4.7231965,-0.29100314,-4.499229,0.6200677
8.007119,8.687138,0.44801936,0.9740756,0.022504546,-0.03161506,0.22286923,-0.5976354,0.46691406,0.6312979,-0.5610952,-0.47490004,-0.5205865,-0.4986997,0.74404466,0.97684157,0.8136407,0.28429517,-2.1244915,0.07362418,2.5225544,0.7438756,0.26915723,-0.2444279,2.2308154,-5.7950077,-0.049443725,-6.27551,2.9598846
8.084119,8.758171,0.4505519,0.9614479,-0.076322876,-0.03333255,0.26207185,-0.4127402,0.6109397,0.49892348,-0.5155181,-0.55555016,-0.6675719,-0.55585027,0.9351477,0.9254341,0.2503817,0.3839772,-0.1863114,0.34130028,-0.01709521,2.7216816,2.4481559,-1.9322479,-0.6759768,1.0557512,-2.8401887,1.7727796,0.91300946
8.203373,8.731283,0.5614743,0.9761266,-0.023335075,-0.03339062,0.21334793,-0.033715356,0.9586493,0.19175003,-0.5183803,-0.39393017,-0.9290794,-0.24232252,0.88315296,1.1732295,-0.44730648,1.436136,1.0618024,0.4759706,-1.6849201,4.971533,4.5073924,-4.318162,-0.0044500367,2.1779606,-2.313764,4.4514213,-1.9121131
8.310764,8.683725,0.6465921,0.9916251,0.02294457,0.009729054,0.12672265,0.5777375,1.31231,-0.35977265,-0.5205483,-0.13652225,-1.0138352,0.32048747,0.5616174,0.9351412,-0.50788707,0.26863718,0.8732563,1.1610565,-1.8639266,5.835363,-0.29922834,-6.6766157,-0.014645023,2.957167,0.5674341,6.763279,-4.479776
8.402287,8.66312,0.6309769,0.99507606,0.06453597,0.06088558,0.044177838,0.5856341,1.1576135,-0.5890114,-0.5223272,0.26396754,-0.81672686,0.62784135,0.49178082,0.960676,0.056283932,-0.62978417,1.1145786,0.7329099,-1.5323957,-1.1271596,-2.6854594,0.79698336,-0.01027771,5.0144715,3.3305647,-1.0895655,0.4359381
8.489749,8.686148,0.54141665,0.9944262,0.103393786,0.020591203,0.0015079344,0.4417458,0.77038485,-0.39718708,-0.5718514,0.5917236,-0.45251963,0.3995158,0.59413505,0.7420726,0.4589655,-0.95169413,0.05572592,-3.3348012,0.66352606,-1.7582457,-5.015355,2.9935958,-0.95017004,-0.19256295,0.76460207,-3.4086246,1.5965364
8.577964,8.745448,0.44253874,0.9968996,0.02134884,-0.07472318,0.012323487,0.18248011,0.44375494,0.02631601,-0.5501669,0.43127167,-0.49529696,-0.043283094,0.8008732,1.5270889,0.8457533,-0.53266704,-1.9766079,0.23222257,-0.14532365,-3.3653471,0.54372007,5.207784,1.4347178,-2.7476518,-0.4435245,-5.428469,2.5164258
8.819635,8.884206,0.5418963,0.9974696,-0.056372404,-0.038784567,-0.01929608,-0.23183337,0.50343555,0.58321184,-0.51622945,0.14427668,-0.62904656,-0.60267264,1.1426898,2.4725173,1.4120748,1.2507273,-2.1772738,0.7787457,-0.4152678,-4.9202576,0.3291518,2.5502172,-0.45802683,-3.1120706,-2.2737274,-1.6566923,4.489598
9.057761,9.012176,0.6174822,0.98532337,-0.15960392,0.018653285,-0.057588585,-0.5523155,0.6721657,0.51998204,-0.5557446,-0.050169047,-0.9862172,-0.5097325,1.2466576,2.3388329,1.1675745,0.29735103,-2.111706,1.4620802,-1.072594,-0.7839492,3.0032952,-2.201099,-0.32846418,-0.808685,-4.828082,2.377212,-1.2063332
9.256205,9.126753,0.64414734,0.9700502,-0.2039989,0.0005273135,-0.13185903,-0.47037292,1.1016994,0.16937585,-0.5077006,0.010155123,-1.2749798,-0.1394745,0.98857003,1.7080108,1.0978597,0.11554578,0.1527839,-1.6152909,-2.349496,2.159264,5.5326834,-4.759876,0.2681644,1.9737036,0.13719146,4.9887657,-3.9070683
9.378254,9.119441,0.7505679,0.9770642,-0.20659088,0.0041720127,-0.051462732,-0.19955012,1.2929128,-0.3612698,-0.5155207,0.17119041,-1.1379043,0.46481472,0.4771683,0.9408434,-0.7006567,1.0602415,-1.5200914,-0.52615976,2.6987689,3.4217806,-0.84448403,-6.2512636,-0.10566913,1.3119713,2.5783129,7.1038513,-5.0716796
9.495111,9.062837,0.84000736,0.9629207,-0.25011155,-0.047475673,0.08929685,0.09571185,1.2368242,-0.59053797,-0.5204997,0.22486681,-0.77249753,0.5747316,0.46764925,1.3744975,-0.46295834,0.52558154,0.4631375,-1.8504982,2.0702946,2.5480568,-0.25141737,0.7606352,-0.017571941,-0.19720635,4.6954074,-0.699299,0.8501436
9.634085,9.020479,0.84625995,0.9494874,-0.22054027,-0.09241185,0.20321357,0.20753026,1.0894656,-0.38957837,-0.57241285,0.16658084,-0.4706476,0.5331871,0.51286834,1.3803463,-0.36173555,-0.37106955,0.3997443,-0.96844107,1.8864449,-0.26559225,-2.6561248,3.217611,-1.0010839,-0.9545877,-0.23273884,-0.1716743,0.17071138
9.770843,8.991666,0.756641,0.9252071,-0.1981295,-0.096903965,0.3087818,0.064145714,0.7107568,0.05637679,-0.7221998,-0.04076218,-0.5094608,0.48258153,0.52065,1.3126802,-0.22149806,-1.4445657,0.64391917,-0.39195862,2.252882,-2.563757,-4.8814554,5.6629896,-1.9748594,-3.1557527,-0.23655023,-0.8320876,0.024932306
9.889552,8.951775,0.5873283,0.8968213,-0.122107536,-0.021874998,0.42464432,-0.3123706,0.45533723,0.6442576,-0.83673304,-0.45483074,-0.52118886,0.32302806,0.58953995,1.1778067,-0.78386575,-1.9478587,2.3996751,0.37458467,3.3670843,-4.9566355,0.6113096,1.423475,-0.3711168,-5.1250405,-0.041356623,-2.3447616,1.3477826
9.993795,8.885671,0.4223963,0.8467107,-0.023936357,0.002034815,0.53151095,-0.5988789,0.5081875,0.56695426,-0.75777984,-0.56562734,-0.52295005,0.065508366,0.83323646,0.65507406,-0.010308778,0.21567026,0.31099465,-1.9239426,1.1387731,0.5877047,0.26966545,-0.9818276,2.1914241,1.3578078,-0.005227036,-2.6614964,3.1884294
10.044873,8.924162,0.5026274,0.83421504,-0.00044329406,-0.08874737,0.5442508,-0.54075325,0.5209995,0.52499706,-0.4591166,-0.30246,-0.633073,-0.19241276,1.243375,0.25871554,0.53099805,1.2383919,-1.8020529,-0.3641969,-0.25118616,0.31044614,0.04260621,-0.048016727,0.849416,3.787912,-2.1230056,-2.5111208,4.0870686
10.070981,8.965848,0.5817166,0.8415886,-0.053980555,-0.10832837,0.5263836,-0.45103994,0.5724083,0.509024,-0.4968745,0.062006857,-0.9768633,-0.33619574,1.2385035,0.30469558,0.3461992,0.3090508,-1.0508833,0.3947651,-0.33915722,1.4712014,0.97337914,-0.2716231,-0.42508018,3.5031629,-4.7061167,-0.39894828,-1.6810595
10.115535,8.992614,0.56930304,0.84344494,-0.10152845,-0.106839165,0.5166024,-0.18381935,0.7716867,0.35467568,-0.51807487,0.371566,-1.3086307,-0.24779448,0.9365056,0.78550994,0.13745636,-0.17879853,0.10671827,0.92459416,0.604374,3.7472017,2.9227414,-2.6351218,-0.07312282,2.6873534,0.35731778,2.1130388,-4.318636
10.256243,8.985992,0.60309345,0.84884715,0.0259809,-0.10219439,0.51801527,0.28913918,1.1728461,-0.012308399,-0.52089417,0.57302094,-1.2418524,0.09483208,0.45405036,1.3421009,0.024939524,0.41314995,1.3210741,-0.88580704,-0.5481982,5.9032,5.1854854,-4.8760123,-0.008622126,-0.19151536,0.44097656,4.6910925,-1.4975394
10.347444,9.007497,0.64538586,0.8597401,0.009972753,-0.0867119,0.5032182,0.6065015,1.2481304,-0.5794159,-0.5212749,0.537121,-1.0736499,0.5946019,0.4897172,0.618889,0.3668649,0.052892674,-0.27022576,0.8766741,0.43652424,-0.7245131,-0.9475122,-5.221639,-0.0011325934,-0.22355473,2.9804628,1.5022717,0.5273093
10.405514,9.0686,0.5995782,0.86332846,-0.0063174902,-0.058066864,0.5012507,0.44037744,1.0399026,-0.55566263,-0.57731336,0.52717847,-0.6523766,0.5277106,0.5646308,0.55397135,0.6829573,-0.99189407,0.2088118,0.57626706,-0.11186307,-2.575997,-3.1831517,2.2179692,-1.1013814,-0.030990304,5.4009476,-1.6384443,0.9614581
10.476009,9.079115,0.4836145,0.8453917,-0.037577853,-0.014702255,0.5326205,0.06957838,0.61204726,-0.20807429,-0.6388158,0.4967458,-0.45516604,0.24618657,0.7766134,0.90993756,-0.85638165,-1.1019293,0.35371506,1.0959804,2.009838,-4.7493186,-5.291144,4.6742177,-0.14992166,-0.5717674,-0.79806125,-3.9578788,3.2414482
10.546758,9.10066,0.51645267,0.82657874,0.097818464,-0.07467933,0.5492014,-0.5094052,0.46354762,0.33790883,-0.4951405,0.36802927,-0.50961095,-0.20595565,1.1749948,0.7052737,1.2054783,2.3801072,0.75655496,-1.9944717,-1.2598866,-6.8071065,0.7525288,6.1033025,1.0850854,-1.915708,-0.24396901,-5.022911,4.6717043
10.662134,9.210104,0.7262479,0.8555515,0.10655898,-0.13856483,0.48731577,-0.5822358,0.51084006,0.58236337,-0.5051612,0.07268097,-0.66411996,-0.5864676,1.2695884,1.3483146,0.8688407,1.5646427,-1.3643947,-0.83970773,-1.1024452,1.0668033,0.20341916,-0.6030488,-0.2688939,-4.009954,-2.835904,-0.21390617,-0.62936985
10.7903595,9.287986,0.83089983,0.8886159,0.06620678,-0.18669231,0.4136719,-0.50590837,0.5204677,0.5359941,-0.51953685,-0.28792873,-1.0739458,-0.45968017,1.1423982,1.2050401,0.7022631,0.51681006,-1.412424,-0.14706571,-1.6721917,0.4702905,0.032307997,-0.22367145,-0.054529138,-3.2166111,-5.3196816,2.5856194,-1.8951666
10.909649,9.354517,0.8288071,0.9255501,0.038897395,-0.20571125,0.3154788,-0.43791306,0.5227712,0.4646295,-0.5225936,-0.5593174,-1.2797539,-0.07661887,0.84327745,1.1553682,0.64683783,-0.5562285,-0.7324483,0.0007511963,-2.3024387,0.8853332,0.010587411,-1.1834283,-0.012079392,-0.29984415,0.6343698,5.033847,-4.0534196
11.035895,9.423322,0.774497,0.9588665,-0.032875396,-0.20681973,0.1916242,-0.23112972,0.6428446,0.22483975,-0.52294946,-0.537153,-1.2347581,0.5246197,0.46417964,1.272577,0.7406159,-0.6073026,-2.690752,0.47722936,-2.1186416,3.2119207,2.3572366,-3.5718648,0.00043855698,0.21298572,0.20974506,5.741767,-0.38242078
11.166878,9.495221,0.7004006,0.9714201,-0.11006483,-0.11812785,0.17399566,0.17393655,0.97447383,-0.19097541,-0.5227225,-0.5265943,-1.2241211,0.57158554,0.50173587,1.3448335,0.75876987,-1.1701567,-0.7320096,2.6423545,0.66115594,4.9114175,4.2442665,-4.80314,-7.9269514e-05,0.03760047,0.03843116,-0.70203847,0.3391619
11.320852,9.53048,0.63002294,0.98379165,-0.0014456699,-0.06563155,0.16686659,0.6079537,1.3217068,-0.60088146,-0.52182996,-0.40075195,-1.0966333,0.5328416,0.5187504,1.711399,0.29506606,-0.1607231,2.4679928,1.093062,-0.7785373,0.22851746,-0.39801908,-0.21857785,0.0052733226,2.4351826,2.4019766,-0.15150751,0.060255647
11.499172,9.588071,0.5913001,0.9867178,0.09793309,0.042105097,0.12257312,0.5440159,1.1466196,-0.5391773,-0.63176155,-0.040673908,-0.73572326,0.44144326,0.5224056,1.7369008,0.6949189,-0.79095227,2.277665,2.1552746,-1.274083,-0.7146102,-3.005316,0.7634119,-2.1660795,4.7332973,4.825085,-1.6480094,0.015296218
11.601152,9.701495,0.56233287,0.98806995,0.120490134,0.008761154,0.09551534,0.40302998,0.72927016,-0.3686119,-0.8144254,0.49320045,-0.43338788,0.17256534,0.6504076,0.3450564,1.8087904,0.44727987,-2.2861984,-1.9012985,-0.22276814,-2.0824773,-5.315992,2.6338916,-1.503618,5.738235,-0.7238016,-3.569872,2.467166
11.666569,9.885807,0.56276524,0.98762554,0.042248506,-0.10614014,0.10744852,0.17962839,0.44146907,0.008674448,-0.8995163,0.54909074,-0.5021164,-0.24154942,0.82319576,1.0857649,1.8295809,0.13545631,0.47303298,-0.8851678,-0.11354131,-2.3442662,0.74476784,4.8070426,-0.21236025,-1.6398597,-0.36212614,-4.66608,0.9865083
11.821672,10.0670185,0.612321,0.99423504,0.054405153,-0.06256415,0.06798878,-0.09313459,0.5043812,0.56758785,-0.88365835,0.31106275,-0.6211108,-0.6224016,1.0546856,1.7756714,1.6985265,0.72542775,-2.0768657,1.5068201,-1.3516153,-3.106004,0.31672698,4.3405023,0.5499526,-3.0878766,-2.0073457,0.31613058,3.5310295
11.99623,10.21498,0.63333863,0.9980173,-0.060120728,0.017303942,0.0068928497,-0.25794286,0.6701114,0.5424527,-0.83568716,0.022645526,-0.95445216,-0.46709153,1.2410836,1.7192346,1.3638592,-0.26392668,-2.2845056,1.9629167,-1.2987168,-0.2290141,2.956157,-2.0741646,0.41432917,-2.6782138,-4.6131887,2.633583,0.018494876
12.127585,10.329756,0.6196537,0.99458236,-0.0745194,-6.7163266e-05,-0.07247619,-0.13930292,1.0935174,0.20389152,-0.66749436,-0.13410033,-1.2764604,-0.07299407,1.0989283,0.9822424,0.9642036,-0.23214492,1.403533,-2.1909776,-2.0836241,2.541318,5.478255,-4.6494975,2.9092698,-0.48774463,0.011539675,5.206716,-2.8096104
12.201553,10.402594,0.61754465,0.98170435,-0.0914692,-0.09526203,-0.13716811,0.23077576,1.2926484,-0.38311386,-0.47497275,-0.19602975,-1.1344128,0.56289357,0.69552404,0.75959915,0.6415895,0.20791918,-1.5722297,-1.3970691,-0.5923865,4.825007,-0.8299333,-7.0444455,-0.33632287,-0.7550798,2.6971824,6.0639715,-5.230637
12.302835,10.458268,0.64706826,0.97141004,-0.12033112,-0.17459564,-0.10676741,0.5415723,1.2358072,-0.5998446,-0.5115662,-0.3688095,-0.7364281,0.5852598,0.42824897,1.1884137,0.23765829,0.43702188,0.8196366,-2.000912,1.0259106,0.8191166,-0.25895452,1.169473,-0.20207274,-2.627652,5.227647,-0.93728405,0.96241254
12.445619,10.468454,0.70121944,0.9726,-0.0638154,-0.21554388,-0.059310693,0.46526557,1.0747405,-0.368383,-0.6385198,-0.5852318,-0.4503175,0.52459735,0.5024025,1.4685892,0.17202027,0.3295225,1.4709814,0.41036218,-0.11683437,-2.1474135,-2.9226499,3.5398333,-2.3489785,0.2367969,-0.6263578,-0.28320134,0.35821432
12.59537,10.4944725,0.6982975,0.98409915,0.034293998,-0.16486783,-0.05649198,0.13852218,0.655755,0.09896776,-0.9558651,-0.54034925,-0.5060062,0.49460426,0.5194304,1.5030085,0.36171517,-0.4011267,2.2143164,1.7981633,-0.1941731,-4.3489356,-5.4210997,5.7865076,-3.9736936,0.27861083,-0.28684723,-0.32698482,0.057484765
12.737353,10.541872,0.6329627,0.98265606,0.16798657,-0.07718934,-0.014469364,-0.40763795,0.45517403,0.6134204,-1.287794,-0.47889444,-0.5194535,0.320328,0.6606673,1.3409778,0.4365009,-0.79753995,2.2815478,2.5982513,0.5535947,-6.543018,0.790549,0.3769566,-0.621282,0.890885,-0.043984186,-3.098582,2.7217216
12.883039,10.632099,0.63118756,0.9926445,0.10977108,-0.04471756,0.02464974,-0.5876334,0.50877076,0.55406576,-1.1872284,-0.2915526,-0.6231065,-0.07673478,1.0453544,1.5660312,1.4090029,0.5741854,-3.8833554,-0.81187946,1.0156188,0.8166303,0.2415561,-0.49447498,2.1756449,2.8472815,-2.020815,-4.8669357,4.9444804
13.048734,10.761748,0.65326524,0.9960859,-0.030733174,-0.06770041,0.047802303,-0.45084703,0.5203637,0.52899873,-0.8904802,0.008589099,-0.95664656,-0.58569556,1.2819734,1.7318074,1.1362336,-0.10860852,-2.0232706,0.16631597,0.18044075,1.9072393,0.039400637,-0.09001316,3.7093132,3.1526585,-4.606235,-2.157002,-0.55811816
13.219826,10.854449,0.6038559,0.98965865,-0.11856012,-0.043232296,0.068192184,-0.13037884,0.6668913,0.3819252,-0.66434264,0.17219248,-1.327613,-0.51229453,1.085932,1.7790804,0.75370944,-0.8177555,-1.1330235,1.2321302,1.3544629,4.4502125,2.8412995,-2.7667642,0.86902833,0.15586422,0.42511597,2.2830622,-3.3231637
13.419287,10.833699,0.60450834,0.99095595,-0.060854103,-0.07852924,0.09020083,0.40175158,1.0684496,0.010349223,-0.4751734,0.16186719,-1.249517,-0.15167768,0.62793833,2.076398,-0.6856294,0.41728628,2.6533756,-1.9284271,-0.55826026,6.3071647,5.118509,-4.796398,0.6117238,-0.34867883,0.53089315,4.887805,-5.7991643
13.601963,10.79602,0.64927423,0.99749845,-0.0049243965,-0.051489312,0.048181254,0.5876278,1.2867062,-0.5704499,-0.5032254,0.1880071,-1.0550699,0.44725916,0.4607893,1.759239,-0.19224969,0.14076272,0.6433796,1.1270356,-1.2835393,-0.7793375,-0.7044847,-5.4970627,-0.31186786,0.88374704,3.2611864,7.046821,0.77662474
13.801586,10.809744,0.6120802,0.998563,0.048469923,-0.0015618893,-0.02280667,0.5214989,1.1265428,-0.5609994,-0.55601597,0.39047223,-0.6122915,0.6003661,0.51052046,2.0427277,0.3036484,-0.8922954,1.2617445,0.9183328,-1.4832635,-0.5319099,-2.4742734,1.9875884,-0.7378578,3.122433,5.551121,-1.5554734,0.21636713
14.005878,10.851206,0.49877152,0.99511313,0.07278992,0.009451552,-0.06604653,0.40035677,0.7503453,-0.23262581,-0.6813009,0.5497667,-0.45920005,0.31452706,0.6366452,1.7379404,0.8363625,-1.0169365,-0.6353026,-2.9217703,0.29410857,-1.8845865,-4.989777,4.5320873,-1.7309228,-0.16994163,-0.81590146,-4.0510826,2.2746673
14.209356,10.976733,0.4902851,0.99553984,0.024759365,-0.046807315,-0.07808024,0.1445515,0.43301734,0.31952238,-0.7976533,0.39423916,-0.51008356,-0.18322511,0.8412879,2.5805593,1.6451358,1.4283497,0.28300482,-0.073894694,-0.35882527,-3.2032137,0.70429766,6.384328,-0.39858472,-2.873353,-0.22079405,-5.8108435,1.5829296
14.453245,11.126839,0.63474226,0.99517053,0.024823882,-0.0034703903,-0.09490683,-0.1303109,0.5017971,0.63201904,-0.9298602,0.22250013,-0.65931284,-0.605832,1.0662167,2.1970732,1.3070107,0.98411506,-0.31499162,1.4623078,-0.5787389,-2.3016832,0.366316,-1.101626,-2.3653455,-0.5903253,-2.7130363,-0.07531645,3.0421636
14.667628,11.252247,0.6853463,0.98782855,0.019014437,0.06780797,-0.13869132,-0.26477888,0.67971855,0.38744745,-1.0289361,0.26273778,-1.045861,-0.45777044,1.226073,2.0812356,1.2034522,0.028850706,-0.2202212,1.339545,-1.2004081,-0.4209327,3.1459668,-3.7472496,0.3418195,1.363798,-4.9810066,2.8425314,0.2013377
14.845715,11.386579,0.6857344,0.9673227,0.008813786,0.08979702,-0.23695062,-0.2076463,1.1172589,-0.10974347,-0.87449,0.46809804,-1.2770149,-0.053286333,1.1038313,1.4736699,1.4639549,-0.013414316,1.1370189,-1.5872016,-2.5403864,1.5171043,5.5411596,-6.1492157,2.712993,2.7086003,0.58704823,5.2361355,-2.6073246
14.956897,11.531625,0.6549174,0.9257561,0.018894287,-0.019214546,-0.37715977,-0.034664094,1.2789782,-0.64743394,-0.54478395,0.54880226,-1.0807838,0.56891435,0.7414219,1.242257,1.4159226,-0.8252902,0.8034993,-2.2698355,-3.6591616,1.9692734,-0.70171845,-0.058815815,3.852931,-0.5510108,3.303905,5.8296943,-4.610096
15.135881,11.650627,0.56711715,0.8851166,-0.055487756,-0.12796052,-0.44397736,0.11519009,1.2327979,-0.50588673,-0.5106578,0.3801254,-0.62657595,0.5697314,0.45254448,2.0487344,0.9621324,-1.0616482,-1.3716567,-3.3103333,-0.042653874,1.0563363,-0.2044187,2.3194902,-1.2663125,-2.8090541,5.728569,-1.7428703,0.49996585
15.347439,11.661204,0.575767,0.87640864,-0.06998102,-0.13248126,-0.45766723,0.09294087,1.0757096,-0.18225779,-0.70698524,0.0054027485,-0.46109176,0.37126452,0.5057299,2.325339,-0.6058962,0.90990525,0.7034268,2.0034873,-0.8292663,-1.451048,-2.889055,4.1345353,-2.657642,-4.675304,-0.771156,-2.214866,0.29158977
15.585283,11.610566,0.6136761,0.86869407,0.044716995,-0.07734057,-0.48722628,-0.15801333,0.6620191,0.3367795,-1.0906669,-0.39194596,-0.5104154,0.056623496,0.5204486,2.4272468,-0.38268426,-0.1507875,1.9769381,2.0621228,-0.5217555,-3.5314324,-5.34901,6.2287664,-4.979154,-3.3012435,-0.21455702,-4.054359,0.052859314
15.8297205,11.561768,0.56880593,0.87119937,0.09776547,-0.07773184,-0.474775,-0.4543308,0.45926535,0.5833001,-1.2704054,-0.5542705,-0.5207361,-0.46792614,0.6547791,2.6100059,-0.6213745,-0.5358415,-2.206964,-1.9603148,1.265054,-2.4307845,0.72739583,-0.6227238,0.55243766,0.24510203,-0.035315957,-6.310879,2.5274823
16.042675,11.493381,0.554151,0.88301075,-0.00029298692,0.048052665,-0.46688643,-0.54311746,0.51064306,0.44364062,-1.1498206,-0.39462918,-0.66021407,-0.5629233,0.88541174,1.9194791,-0.7994245,-0.38162023,-3.1135912,2.512492,-0.061131965,0.5279922,0.23747861,-2.1365905,1.7068706,2.887666,-2.6623902,0.8583543,2.2017722
16.166502,11.443613,0.55617166,0.88504136,-0.06850123,0.09025863,-0.4515116,-0.5246365,0.67033726,0.11320123,-0.8629717,-0.056280345,-0.95913506,-0.34997442,0.9651889,0.25017855,-0.5330885,0.8170118,-0.30906993,-1.5222645,1.1844286,-0.1024641,2.8200467,-4.2453327,4.015717,3.8302867,-3.3233185,3.3529978,-0.5534403
16.159405,11.3794985,0.6046403,0.9190957,-0.09744042,-0.0020750985,-0.38179076,-0.52512145,1.0735343,-0.4204186,-0.429754,0.40187427,-1.1412553,0.108468205,0.77805674,-0.2332997,-0.6693791,-0.05806422,0.91680574,-2.1043236,1.2755536,0.01560416,5.249674,-6.4553103,1.0412248,5.318338,-0.36403784,5.7756176,-3.1564999
16.166151,11.289331,0.55063045,0.9337801,-0.08369335,-0.09769776,-0.3339241,-0.4603437,1.278653,-0.59606576,-0.4866757,0.57763857,-1.0337522,0.626631,0.44762638,0.6846097,-0.6112554,-0.5253273,-0.20243765,-0.4530244,0.8619091,1.2406372,-0.61696947,0.9255764,-0.5971685,-0.73086876,2.3923924,0.253142,-0.735676
16.27865,11.2247305,0.51311904,0.9382476,-0.055596225,-0.09924637,-0.32672712,-0.3885946,1.1405859,-0.38183674,-0.56256384,0.38806334,-0.69922197,0.53702974,0.49445897,1.7284164,-0.9919708,-0.054641582,1.3492011,0.3822372,-0.060832754,0.21039508,-2.111073,3.2254496,-0.86009556,-2.8773167,4.3245544,-1.2511694,0.4697882
16.480562,11.110149,0.5006857,0.9484293,0.023567984,-0.0682281,-0.30866057,-0.43231952,0.8040013,0.049784586,-0.7500294,0.011017357,-0.45988718,0.29791883,0.5259156,2.3688314,-1.3545364,0.04133055,0.7186124,3.050165,0.6125048,-1.0631936,-4.594709,5.313492,-2.8376603,-4.5720687,-0.5500274,-3.492525,0.15636155
16.713959,11.044413,0.5042887,0.97021925,0.041573543,0.02374734,-0.23744963,-0.5493472,0.4252426,0.59025085,-1.0916265,-0.30796066,-0.50860053,-0.16620049,0.6555617,2.2468693,0.059488554,1.1194414,-1.4837064,1.7439855,2.5262306,-0.29052648,0.30989096,1.6434779,-3.6453133,-1.8546304,-0.2511175,-5.6651773,2.143728
16.918583,11.03721,0.59643203,0.98471177,-0.0073186397,0.1139902,-0.13151185,-0.50559694,0.59020704,0.5347682,-1.252025,-0.40460965,-0.67217374,-0.5633798,0.7621738,1.6464162,-0.34973124,0.97486985,-0.8343736,-0.3865392,0.56896394,0.93169194,2.8378122,-1.4134474,0.4314027,-0.08519763,-2.9535277,-0.8367585,0.0787853
17.044355,11.027063,0.67558956,0.97840494,0.02893944,0.076534964,-0.18981227,-0.30560967,1.0015974,0.26482806,-1.0841835,-0.420844,-1.0359843,-0.48670486,0.64833087,0.8992687,0.46359786,0.4768374,2.0449357,-0.33646876,-2.4467993,3.066957,5.3574843,-3.943652,2.8839774,-0.24121171,-4.3074517,2.0175798,-2.305428
17.106052,11.109345,0.67492276,0.9365177,0.09664683,0.0557522,-0.3323939,0.08474854,1.296089,-0.25053382,-0.82984006,-0.5091161,-1.2604804,-0.16997159,0.47792903,0.40718225,1.0282159,-0.49826473,1.0874865,-0.19652034,-2.9296908,4.71287,-0.6287048,-6.3303466,2.2251568,-1.5155128,0.18906397,4.3295484,0.30823168
17.163925,11.226154,0.57628334,0.8698319,0.11160166,0.024582054,-0.47993046,0.5395614,1.1162183,-0.6158304,-0.5079374,-0.5120343,-1.1153247,0.16688722,0.5114935,0.8439315,1.1872295,-1.3403554,0.11004419,-2.2539194,-3.186234,3.6403985,-2.9297009,0.7023524,3.391592,1.0096139,2.682213,2.4647503,0.18425459
17.297155,11.303111,0.4662604,0.81944996,0.037435036,0.020963367,-0.57154256,0.5352811,0.7469798,-0.4250313,-0.4948311,-0.27894458,-0.7748346,0.2642831,0.5205113,1.3005024,0.60873127,-0.97389764,-0.14569592,-0.9352378,-1.305787,-1.5088843,-4.4195495,3.0725088,-0.7413168,3.6005158,4.159692,-0.46921203,0.03170398
17.444298,11.348902,0.38667718,0.78664345,0.0126888305,-0.020724617,-0.6169291,0.41911325,0.46927872,-0.02686872,-0.674881,0.057590958,-0.45607913,0.10859989,0.52180946,1.8828567,-0.093163624,0.65707624,0.51348513,-0.10415972,-1.099776,-0.8202064,0.3017462,4.6751976,-2.6282873,3.1307201,-0.11331929,-2.4346797,-0.0016874038
17.654737,11.327216,0.4954343,0.7593576,0.05660853,-0.030556986,-0.6474858,0.39406428,0.50935525,0.46986273,-1.0005263,0.3488224,-0.50434256,-0.2218806,0.5219715,2.2116907,-0.25803876,1.208333,0.63739115,0.4270799,-0.31210968,0.29368463,0.23289189,5.306271,-3.918622,2.6920311,-0.32650158,-4.182292,0.003383453
17.855011,11.296479,0.5620593,0.76448,0.07920868,-0.02719702,-0.63918436,0.480823,0.5205904,0.57661927,-1.2639832,0.5034367,-0.5767872,-0.6050629,0.5219421,1.8342314,-0.30355296,0.1270177,0.014645899,0.17832346,-0.038016353,1.4419996,0.038495544,-1.4198722,-0.09750762,0.45976517,-1.107849,-0.77519643,-0.0007880563
18.028053,11.27502,0.5339019,0.7667024,0.07467576,0.019151531,-0.6373572,0.51583296,0.64429486,0.3250401,-1.1312687,0.5352319,-0.80864644,-0.52329147,0.52150685,1.5941623,-0.16443698,-0.6320487,-2.0254035,1.685465,0.10611612,-0.713885,2.3838465,-3.5806923,2.6938334,-0.10279612,-3.439465,1.5820978,-0.0030364576
18.153938,11.290948,0.5314995,0.78637815,0.076648265,0.054850843,-0.6105128,0.31498903,0.9950082,-0.08801382,-0.7326871,0.52759236,-1.0399231,-0.24599133,0.5212836,0.8694844,0.6572427,1.6860279,0.8034466,-0.25171036,0.9808003,-3.1737812,4.268098,-4.671792,5.216036,-0.0376846,-0.9073537,3.8553627,-0.0011960458
18.233816,11.354121,0.66624784,0.8038865,0.113641545,0.015651442,-0.5836156,0.116800785,1.2719547,-0.5963605,-0.4499938,0.43363598,-0.97740877,0.2622048,0.5217772,0.8348439,0.4363857,0.8319721,1.3035285,0.033575766,-0.14087912,-0.8161,0.026025323,-1.5498273,-0.597112,-1.7823519,2.0571644,6.282125,0.0037849299
18.329773,11.377775,0.6901883,0.79602784,0.16744724,-0.030864831,-0.58081704,0.1772767,1.1320217,-0.55846936,-0.5068281,0.1471887,-0.63980186,0.6025011,0.5217891,1.0869479,0.13013795,-0.33454496,1.4860153,-0.25591093,0.7526766,1.966441,-2.7634864,0.55269426,-0.29989353,-3.9169493,4.6511664,-0.5958277,-0.0005715457
18.440485,11.385511,0.6119229,0.81060743,0.20301645,-0.07395933,-0.5442701,0.49833572,0.72968334,-0.49733368,-0.5454451,-0.29027164,-0.46875152,0.41579896,0.52176476,1.1781029,0.24186213,-0.93736786,0.28575075,-1.0471078,1.2562845,4.397138,-5.23822,0.66091067,-0.4638504,-4.821437,-0.63059133,-3.0436153,0.00024811522
18.577217,11.459747,0.5515361,0.85100096,0.1409988,-0.14813589,-0.48370704,0.5593797,0.45286644,-0.47376496,-0.6542952,-0.5715636,-0.51135856,-0.0012703872,0.52217454,1.8241698,1.1342188,0.38838533,-1.8943019,-0.12716775,1.557179,-0.49156275,0.616174,-0.14621583,-1.7033529,0.09376632,-0.18842259,-5.0478363,0.00035769437
18.759834,11.585541,0.54392713,0.88557523,0.06732692,-0.07102768,-0.454069,0.47957575,0.5080122,-0.54194003,-0.74153763,-0.47202185,-0.5835381,-0.3900445,0.52174336,1.8271062,1.3155282,-0.6009465,-2.0144928,1.1545655,0.32384723,-1.0958165,0.2842026,-0.070290916,-0.06462947,1.8754313,-1.2541459,-2.772772,-0.0030544128
18.93831,11.730536,0.43018714,0.89209205,0.0057188757,0.01758113,-0.45147526,0.23391254,0.65104455,-0.52553815,-0.6103854,-0.15120237,-0.6817093,-0.5246276,0.52140427,1.6111519,1.6438496,-1.5037587,-1.1780183,0.3707942,0.10361814,-3.7456136,2.5230534,0.23720242,2.635792,4.49256,-0.70781666,0.028788835,-0.0020737518
19.0353,11.96738,0.49853113,0.88633883,0.040752076,-0.02047526,-0.46078578,-0.2389749,0.9863413,-0.42241293,-0.489623,0.39797384,-0.6137347,-0.37767386,0.5210467,0.8953027,2.8427835,1.8855672,1.1056622,-1.1895907,-0.95843,-5.760121,4.2508945,1.8353631,-0.3224917,6.4801826,1.8827034,2.8561354,0.00069285854
19.12131,12.221743,0.6356497,0.85816413,0.053750228,-0.09816789,-0.5010272,-0.5809319,1.2613901,-0.18155509,-0.55886304,0.58918715,-0.49357647,0.024647921,0.6011503,0.77422285,2.300251,0.87287235,0.6204779,-1.0522898,-1.0090755,0.1019188,0.3967847,2.9636543,-1.0509173,-1.3154404,-0.23051465,5.164816,1.572969
19.194183,12.441024,0.6751516,0.82814294,0.06347877,-0.14448869,-0.5378408,-0.4358497,1.152188,0.16036853,-0.79254067,0.32352385,-0.51521015,0.5619619,0.841261,0.73827004,2.036318,-0.011849436,-0.041609943,-0.49141917,-0.22133495,2.7316546,-2.471013,3.8462942,-3.575867,-3.9228382,-0.11290177,4.5541954,3.2051327
19.28145,12.633411,0.64465237,0.8608266,0.013320042,-0.11880479,-0.494657,-0.045188952,0.77917403,0.5116445,-1.2695485,-0.18304491,-0.52066284,0.56927836,1.0163636,0.8751109,1.7475412,-0.4655402,1.0486994,1.5983598,0.6840718,5.0625653,-4.935425,3.1792004,-4.7346807,-6.1958175,-0.019009614,-0.9645039,0.31934863
19.37147,12.741113,0.6202382,0.87466866,0.13944565,-0.07303314,-0.45844936,0.558346,0.45276046,0.54300356,-1.2755003,-0.65532535,-0.5213798,0.3485288,0.9050605,1.1221951,1.3536298,-0.09417863,1.3231533,0.40806633,0.35881853,5.6768713,0.42219633,-0.7955647,0.81775683,0.5447918,-0.0012423533,-3.3732364,-2.5237374
19.477716,12.915903,0.59071374,0.8983503,0.1610905,-0.1129451,-0.39275944,0.57929164,0.50505155,0.33170897,-1.0592291,-0.4921113,-0.52219856,-0.050092217,0.53584486,1.1017139,1.8608973,-0.70337176,0.6690532,-0.56807274,2.0762043,-0.9664225,0.29900566,-3.3775985,3.4666348,2.40918,-0.0055905036,-4.548666,-4.828191
19.618004,13.129848,0.5674498,0.9175683,0.10902552,-0.053874053,-0.37852263,0.3624316,0.63825655,-0.1186085,-0.5907702,-0.16466865,-0.56901395,-0.3650615,0.47879446,1.4316694,2.3884137,-0.37215567,-2.015176,1.4657509,-0.26131612,-3.3720143,2.3435278,-5.610664,5.871282,4.3314605,-0.97141284,-1.9111738,0.6248585
19.755354,13.384736,0.51028734,0.9161827,0.06662001,0.027589211,-0.3942206,-0.0990172,1.0015266,-0.58764905,-0.44487506,0.38273066,-0.56059283,-0.40693685,0.51407015,1.3137599,2.8282793,-0.35601553,0.91259575,-1.503985,-0.0036475773,-5.66841,4.794169,-1.1263641,-1.0399834,6.55708,1.1458381,0.99409044,0.14065044
19.865847,13.663755,0.5000855,0.9233025,-0.018769238,-0.11300935,-0.36659124,-0.60303503,1.3048517,-0.5226718,-0.5077887,0.6101809,-0.5076615,-0.18098998,0.520643,0.9570186,2.4692028,-0.28004918,-1.9920602,-2.5921526,1.0789403,-0.47385475,-0.62989926,1.5360147,-0.2635362,-1.0441506,-0.15972978,3.5842578,0.022545291
19.968794,13.820684,0.544701,0.91916287,-0.0445288,-0.15304174,-0.36018756,-0.4761999,1.1255457,-0.29020554,-0.6618693,0.39165723,-0.5186696,0.27146974,0.522646,1.5004957,0.51750195,1.7100621,0.04557199,1.0999738,-0.2086177,2.6023178,-2.9172127,2.9055839,-2.6837811,-3.0458128,-0.04889878,5.404829,0.01065532
20.124323,13.861723,0.6657727,0.92910755,-0.028128996,-0.105013475,-0.3534686,-0.10666101,0.7072784,-0.062259078,-0.9128551,-0.040758234,-0.5212216,0.60573816,0.52223206,1.6728147,0.36081845,0.6909127,-0.1884053,0.94852406,0.84588075,4.737858,-5.4107194,1.6770173,-2.3457592,-5.5682335,-0.0094587775,-0.58339655,-0.004637585
20.293333,13.893878,0.68663204,0.94559497,-0.02267805,-0.067208074,-0.31751996,0.4617176,0.42627808,-0.011186633,-1.1067253,-0.6135357,-0.5219242,0.5429646,0.52182627,1.7653859,0.49703652,-0.26980588,0.3648377,0.57561445,0.10742861,6.621343,0.9670795,-0.6020101,-1.5519736,-1.6005757,-0.0034678911,-0.34473965,-0.0022119284
20.464174,13.9630375,0.6138404,0.96058744,0.006535727,-0.034742236,-0.2757209,0.56791747,0.5018931,-0.13551241,-1.1255238,-0.5416691,-0.52180135,0.4406331,0.5217915,1.6740886,0.5759726,-1.044153,0.3873623,1.1801053,1.2943972,-0.62574244,0.3677711,-1.848525,1.1023754,1.5287323,0.0015339943,-1.6636308,0.00018446545
20.626768,14.0308,0.46106756,0.97811854,0.03811462,0.018715315,-0.20366915,0.39822793,0.6021855,-0.40879175,-0.88505894,-0.2581501,-0.5228685,0.20048206,0.5214737,1.5510436,0.77931,-2.0037954,0.31091398,1.3184369,1.6106231,-2.7359724,1.6157386,-3.5863717,3.6654935,4.09984,-0.0076764063,-3.1141713,-0.0023252687
20.672848,14.157603,0.4446959,0.98584557,0.040998273,-0.005615927,-0.16246885,0.033195246,0.8645032,-0.5708257,-0.45940587,0.25067836,-0.5217266,-0.029185846,0.52093303,-0.25370738,2.0899196,1.7200245,0.9238001,0.24108142,-0.26567134,-4.4887094,3.48206,0.47399306,1.3214514,5.8791256,0.009060222,-1.3707712,-0.00065916765
20.652699,14.351996,0.5720922,0.98003745,0.0947873,-0.013632898,-0.17423007,-0.3382753,1.19275,-0.5342674,-0.4930198,0.59548205,-0.52139777,-0.028854722,0.522404,-0.10731832,1.7698594,0.76075107,1.0111737,-0.20641465,0.028997827,-2.9678078,3.1041107,0.17665394,-0.4806493,-0.4618444,0.00056461984,1.3256384,0.010697832
20.643003,14.519122,0.5986453,0.9768515,0.12872687,-0.018857172,-0.16980839,-0.4833761,1.2204164,-0.50965846,-0.5631811,0.459542,-0.52128637,0.14115182,0.5702039,0.023872713,1.520701,-0.104198866,-0.48404503,0.46831062,0.6637751,0.0145682385,-1.4275367,0.29932758,-0.90556747,-2.161845,0.0017988371,2.0479088,0.938061
20.656971,14.6654215,0.54190654,0.9867629,0.094313174,0.0033717935,-0.13188142,-0.34619355,0.9509602,-0.3561697,-0.7510745,0.13424917,-0.52140874,0.23173885,0.6257702,0.16805547,1.4050741,-0.97919893,-1.5359918,-0.21439883,0.4141475,2.6927254,-3.918923,2.7425969,-2.8103042,-4.3112497,-0.0013142289,-0.22688319,0.15463188
20.689873,14.806738,0.4469213,0.9897535,0.06813254,-0.0033251375,-0.12543905,0.032004975,0.4741377,0.041083567,-1.1412295,-0.4009967,-0.52161086,0.085889846,0.5187668,0.55465364,1.4541606,0.34136817,2.568257,-0.42491716,-0.23897831,4.829607,-2.292573,5.124696,-4.6245213,-6.3421597,-0.0014065435,-2.6268055,-2.0103421
20.74847,14.935712,0.5555574,0.9799582,0.13767248,-0.06608884,-0.12790841,0.5734589,0.48899043,0.45255852,-1.2538545,-0.5851547,-0.5216141,-0.22469428,0.5041765,0.56523246,1.2476186,1.0509874,1.1938773,-0.9602351,0.70365006,2.5318706,0.52173215,3.1095297,0.8613676,0.7578087,0.00034597958,-3.611742,0.26288366
20.785099,15.058572,0.6131693,0.97887063,0.17100722,-0.077755876,-0.08076442,0.55990654,0.51644534,0.53276914,-1.0357937,-0.535674,-0.53559875,-0.44557375,0.51854306,0.26035774,1.1665366,0.08271924,0.24558105,0.2941351,0.78997064,-0.5556059,0.1026818,-1.0542527,3.4662902,0.21840838,-0.29462475,-0.849296,0.05523687
20.801336,15.180104,0.59237987,0.9881515,0.13680634,-0.03696593,-0.058941934,0.43474266,0.60799146,0.29896745,-0.5657792,-0.4233151,-0.63997895,-0.501813,0.5208926,0.08580505,1.3139486,-0.4945324,-1.4412268,1.2621636,0.07574573,-1.9317887,1.7056683,-3.5685546,5.898201,1.9855167,-1.7836637,-0.2753181,0.006318214
20.791225,15.311587,0.5151609,0.9964181,0.06076586,0.036354464,-0.04622603,0.120216034,0.9132367,-0.16867724,-0.47789374,-0.13128276,-0.69022727,-0.41635913,0.5211195,-0.27896342,1.3570442,-1.0937556,-1.9138192,1.3147947,-0.14354222,-4.3145537,4.3522644,-5.7489142,-0.61588585,3.8323667,0.74059635,1.9288255,0.0007788533
20.699368,15.502669,0.5237978,0.99328685,0.09235978,-0.02799583,-0.06377405,-0.40003496,1.297885,-0.59737486,-0.5138607,0.35951546,-0.502341,-0.1171587,0.5212154,-1.1036389,2.2813334,0.69957006,0.9980423,-0.031498224,-1.4240879,-6.2167587,0.17674458,-0.73485845,-0.14626448,5.9109263,2.4036417,4.217152,0.0020497257
20.612232,15.705713,0.5739549,0.9902485,0.085070536,-0.009287044,-0.109930344,-0.58333516,1.1613623,-0.5117805,-0.5324455,0.57378554,-0.49611783,0.223535,0.62004423,-0.69554985,1.8801728,0.023731505,-0.5655513,0.15476537,-0.6924443,1.2601676,-2.673093,1.7854292,-0.23044854,-0.7966901,-0.39163336,2.6272397,1.9317416
20.55698,15.89053,0.5303725,0.9889303,0.04779311,-0.013768291,-0.1397967,-0.33406812,0.7742494,-0.2117754,-0.67979264,0.37766194,-0.51730144,0.3478905,0.8045993,-0.37088314,1.7907165,-0.8157919,-1.4719908,-1.6669999,-0.3740762,3.6819038,-5.0223517,4.1815257,-2.6575818,-3.099351,-0.08113984,-0.08732063,1.6954119
20.573168,16.04428,0.5036856,0.9823503,0.0530619,-0.026275601,-0.17743145,0.094391905,0.44722453,0.3116043,-1.056622,-0.044238787,-0.52094537,0.24634476,0.8252208,1.0793628,1.1931002,1.5234443,1.0164897,1.6861737,-0.56524026,4.8687463,0.49928787,6.0712895,-4.606484,-5.111812,-0.010263763,-1.9165661,-1.4511131
20.666588,16.153719,0.60867286,0.97661495,0.09497967,0.04599584,-0.18731385,0.59926677,0.5041832,0.5852158,-1.2688245,-0.6175151,-0.5219996,0.14307411,0.5540576,0.7152696,1.2653728,0.50805336,0.34940407,1.6648844,-0.1509668,1.4521736,0.31867006,-0.59981245,0.49371028,-2.3972192,-0.005710961,-0.17733157,-3.8931704
20.735115,16.289244,0.624357,0.97292084,0.08855633,0.09960009,-0.18884541,0.5570092,0.519257,0.395675,-1.0790188,-0.56233823,-0.5228733,0.106538035,0.49335724,0.6938797,1.3073784,-0.18806204,-1.2643936,0.14344767,-0.08054212,-0.6088132,0.05049906,-3.150857,3.2631593,1.2042391,-0.004874909,-0.55052173,0.39191696
20.7952,16.427101,0.5600699,0.976915,0.031038066,0.11890114,-0.17474635,0.3630881,0.6355194,-0.00062930235,-0.62780654,-0.3300485,-0.60281545,0.05492179,0.51644003,0.4764446,1.4652677,-1.0795429,-1.3251433,0.13372158,0.31447557,-3.2275674,2.2365005,-4.744103,5.724105,3.4082205,-1.5680386,-0.49107817,0.094432384
20.7485,16.589962,0.5186087,0.98844063,0.058842737,0.021010427,-0.13813482,-0.05208518,0.98122615,-0.47213432,-0.46181184,0.1277926,-0.6232236,0.10374107,0.52051514,-1.0728271,1.781703,-0.33134145,1.945026,-3.2493136,0.932277,-5.1913733,4.671347,-4.6698656,-0.7617577,5.713151,1.1151849,1.541478,0.013502285
20.644217,16.797153,0.52837235,0.98129123,0.0742818,-0.05429795,-0.16911975,-0.5957301,1.273193,-0.57108736,-0.5104659,0.60606396,-0.48051313,0.3743354,0.52181065,-0.8592301,1.9702607,0.5646935,-1.3564544,-0.8877283,-0.050841197,-1.635983,-0.24848922,1.1287518,-0.21068774,0.31039798,-0.107389875,3.775395,0.0071220645
20.572802,16.988192,0.5416613,0.9818698,-0.007627431,-0.08839017,-0.1675133,-0.5192366,1.1100794,-0.33290517,-0.65762305,0.46957362,-0.51040894,0.5682399,0.5955811,-0.5922625,1.9315689,-0.3091847,-1.4812067,-0.97988063,0.43547592,1.9777116,-2.970735,3.59529,-2.6920242,-2.7123713,-0.19519529,-0.35187504,1.4456675
20.587696,17.125221,0.5722823,0.9764949,0.060300987,-0.059421103,-0.19821866,-0.23982054,0.68720245,0.120661065,-1.0496424,0.09129214,-0.51960176,0.51551545,0.6155927,0.96138096,0.9061672,0.861533,0.5767645,2.607655,-0.026465882,3.5552478,-5.4658766,5.4679055,-5.073984,-4.6873975,-0.03139558,-0.6749283,-0.9859453
20.683193,17.204758,0.59970486,0.97642046,0.10789536,0.04018855,-0.18261026,0.2274994,0.4676467,0.53663296,-1.2709476,-0.4676532,-0.5213432,0.4270131,0.49397683,0.96431005,0.70109904,-0.26798335,0.33241537,1.6321276,0.25571978,5.7587504,0.58383864,2.4555113,0.56439495,-6.460989,-0.0068120295,-1.0879233,0.021166407
20.766222,17.308767,0.5567881,0.97850984,0.0744978,0.0707092,-0.17879818,0.5931236,0.55728877,0.5106671,-1.075552,-0.5622699,-0.5224214,0.32228127,0.5135884,0.61433476,1.2338697,-0.6567896,-1.6697797,-0.38608977,0.21881029,-0.366689,1.1976433,-1.7517072,3.2940872,1.0012641,-0.0066344975,-1.0526843,0.13749886
20.803947,17.432222,0.4619828,0.98709446,0.021565625,0.039385915,-0.15371455,0.42760864,0.78115636,0.26916608,-0.62409395,-0.33348322,-0.5627156,0.21532859,0.5201551,-0.36250183,1.111621,-0.6733266,1.3424222,-2.213655,1.1648575,-2.7442787,3.2018282,-3.0731564,5.6833386,3.5252068,-0.7695068,-1.1901673,0.020709315
20.7463,17.593288,0.4918634,0.9848796,0.09699869,-0.021298492,-0.1419498,0.04402615,1.1932174,-0.14847195,-0.4611113,0.11635808,-0.50498843,0.13623641,0.5208761,-0.68267196,2.1531522,1.3810565,0.8713346,0.04377776,-0.9870282,-4.920404,4.9370546,-5.2317495,-0.7749164,5.420419,0.65217197,-0.38441873,0.0028941086
20.675108,17.807478,0.5856695,0.97203594,0.11635904,0.015499863,-0.2033875,-0.495405,1.2570878,-0.5841782,-0.51038104,0.60829425,-0.5113412,0.23017713,0.52194566,-0.4605416,2.0699053,0.4824608,0.42535466,0.42655692,-1.3944473,-5.835549,-0.7643589,-1.0288322,-0.2136149,1.1500789,-0.16371961,2.1985781,0.007296328
20.63125,17.991016,0.5963361,0.9521252,0.120818034,-0.0028695299,-0.28080666,-0.5528281,1.0586247,-0.4985302,-0.5650169,0.51250124,-0.51979244,0.33321303,0.64292395,-0.3504339,1.7012947,-0.31552377,-0.32736835,-1.7505733,-1.3174409,1.5844241,-3.1904101,2.0888224,-0.85945857,-2.1361868,-0.03100468,-0.097544394,2.325648
20.610628,18.145977,0.52857274,0.9392653,0.042493813,-0.060762044,-0.33508644,-0.28855863,0.6574136,-0.16511597,-0.7755806,0.18649057,-0.52110606,0.2295673,0.8606038,-0.05127951,1.3714561,-0.9946686,-2.2943397,-1.381877,-0.42249805,3.6572547,-4.8158746,4.536503,-3.307034,-4.3185315,-0.003890743,-1.9549354,2.0482764
20.682768,18.233795,0.5766742,0.9280723,0.066341445,-0.06862758,-0.3599596,0.1550989,0.46856803,0.37102664,-1.1912583,-0.33316976,-0.52189475,-0.06023534,0.893036,1.1522639,0.7269651,1.8018525,2.397186,0.10877485,-0.3194384,5.1855464,0.60175705,6.2657166,-4.8701587,-6.1941037,-0.0072486307,-3.7718606,-1.5021996
20.79273,18.315805,0.7054224,0.9061282,0.1617663,-0.1132037,-0.37409657,0.6241155,0.5110113,0.5731354,-1.2387246,-0.5813124,-0.5217777,-0.33278146,0.61969185,1.0112131,1.072837,0.76459354,2.062825,-0.15900332,-0.022570893,0.1575355,0.19583598,-1.0366646,1.4975923,0.58825487,0.0021324765,-1.7339103,-3.9146395
20.887308,18.421724,0.7339772,0.8922408,0.22120626,-0.16564092,-0.35712343,0.55532914,0.51988065,0.33134314,-0.95580494,-0.53678614,-0.53933585,-0.50264466,0.47197422,0.87955457,1.0074185,-0.1674172,0.7792193,-0.9854456,0.45429593,-0.5224543,0.028152918,-3.749866,4.1230955,0.2130538,-0.3469198,-1.6545479,0.5926265
20.96337,18.521717,0.70252633,0.9012265,0.18456717,-0.15884262,-0.35846165,0.5012106,0.5214493,-0.15769005,-0.46256876,-0.45998487,-0.6728932,-0.5461743,0.5119589,0.3061846,0.7607942,-0.107269205,-0.22539023,1.5796564,-0.25954404,-0.5669958,0.0040964377,-5.979982,2.2876852,1.2851126,-2.2400713,0.29082766,0.1788841
20.926489,18.591406,0.74414784,0.9091872,0.20649305,-0.106627785,-0.34549934,0.3680109,0.52221197,-0.6169082,-0.48567778,-0.30947387,-0.883989,-0.5284222,0.5200628,-0.6599738,0.74028796,0.39774066,0.3531964,1.20153,0.2936022,-2.0382895,0.004450872,0.12281883,-0.5802668,1.8495752,-2.033663,0.072187014,0.02712136
20.873121,18.650282,0.7590972,0.9162743,0.21409747,-0.085172534,-0.32764208,0.26472935,0.522123,-0.55083257,-0.5158797,-0.20777836,-0.97993875,-0.52462286,0.52159315,-0.38582897,0.4661163,-0.13001165,-0.23235852,0.2625398,0.30676734,-0.06598397,-0.0013641668,0.45198932,-0.111684635,0.21429627,0.07208531,0.014356908,0.0061090817
20.857101,18.692654,0.72725296,0.9277346,0.19454545,-0.06582648,-0.31165278,0.32248524,0.522336,-0.5290569,-0.5207572,-0.21384613,-0.9632444,-0.52457196,0.52189624,0.04293444,0.4184429,-0.52112544,-0.79119426,0.34756786,0.31710747,1.1997433,0.0017661089,0.07447076,-0.014782249,-0.31966704,0.2696413,-0.001992622,0.0011718707
20.883734,18.743437,0.66020536,0.94093287,0.15194109,-0.02808462,-0.30128133,0.4396971,0.5228897,-0.52566415,-0.52140546,-0.20671412,-0.93630844,-0.5248221,0.5220218,0.415536,0.5937229,-0.9248638,-1.2889414,0.5441856,0.08377458,1.144322,0.0030816286,0.010769397,-0.0019286271,0.46549106,0.2884261,-0.0018145427,0.0008209687
20.937296,18.819923,0.54600596,0.95033985,0.0849323,0.026530217,-0.2982228,0.4407061,0.57530314,-0.52444375,-0.5216421,-0.06900541,-0.8847709,-0.5243457,0.5217414,0.6447205,0.9444072,-1.3691626,-2.0678923,0.9383188,-0.19229344,-1.0872873,1.0247905,0.0068013426,-0.0013892681,2.2483542,0.7478984,0.0042428616,-0.002552448
20.961634,18.947502,0.43227518,0.952866,0.022909276,0.027730659,-0.3012516,0.2132693,0.7719696,-0.43897325,-0.52156514,0.27546078,-0.7270347,-0.43139312,0.52121437,-0.44154298,2.052634,0.2911191,0.68818057,-1.3853894,-0.06742945,-3.2060525,2.6661768,1.6601735,-8.549816e-06,4.433952,2.484865,1.79913,-0.004944082
20.914946,19.177422,0.49286595,0.949023,0.053821553,-0.01853686,-0.3100241,-0.17936109,0.97693026,-0.19471264,-0.5219663,0.59273344,-0.5211728,-0.24768165,0.5215725,-0.36875638,2.2784474,0.42208228,0.7600987,-0.89302653,0.23834635,-4.6931047,1.5863478,3.197333,-0.002552689,-0.16905273,1.3032464,1.8484886,0.003825048
20.895954,19.393467,0.5006391,0.9608239,0.037893265,-0.041516215,-0.27139997,-0.5265518,0.9910145,0.198059,-0.65519863,0.45064408,-0.51080096,-0.18759921,0.60826075,-0.05791255,2.0903435,-0.31509688,-0.9938691,-0.15910453,1.4350847,-1.9745004,-1.2537122,4.6369567,-2.6182134,-2.6054306,-0.16208738,-0.6042549,1.6997573
20.927998,19.59041,0.50736165,0.96956515,0.042781398,-0.00045209477,-0.2410664,-0.5170267,0.7396545,0.60648674,-0.9890962,0.07200527,-0.52002895,-0.3554878,0.63429576,0.5893355,1.8266922,0.74077976,-0.712168,1.6653078,0.8884053,1.1652709,-3.738637,0.7817021,-3.9275339,-4.9687095,-0.03732626,-2.6641467,-1.259023
20.90979,19.728264,0.5498125,0.96354425,-0.008373359,0.08763946,-0.25264925,-0.43984747,0.46300855,0.54011464,-1.268306,-0.4789845,-0.5227618,-0.5725913,0.49180725,-0.7349716,1.1529905,0.18930456,-1.6146519,0.70296013,-1.3243022,0.5261856,0.14012498,-1.0841495,-0.1170784,-6.0360723,-0.012389041,0.09607155,0.0026549436
20.84208,19.854792,0.56430525,0.9440846,-0.038380165,0.09066597,-0.31466007,-0.43609136,0.5085066,0.3280532,-1.1548473,-0.5678552,-0.6086507,-0.53319556,0.51377136,-0.65957445,1.0931485,0.13775313,0.098259605,0.05509613,-0.62762386,-0.47374746,0.3750285,-3.1014102,2.2932584,0.62510234,-1.698439,0.38693404,0.15735628
20.778067,19.96946,0.5296097,0.9383394,-0.03687252,0.07629942,-0.33516854,-0.5485616,0.5212343,0.061581645,-0.80629694,-0.48462796,-0.77606606,-0.52468306,0.5465159,-0.6445451,1.1573886,-0.79442877,0.298868,-0.79530174,-0.4366917,-0.40790766,0.023490096,-2.2375855,4.640111,1.0368372,-1.647327,-0.015466707,0.49364513
20.721409,20.08788,0.41755515,0.9271664,-0.04621664,0.026378911,-0.37085122,-0.53527963,0.5214689,-0.08435893,-0.4269321,-0.28914165,-0.8996434,-0.50216925,0.6640282,-0.10347081,1.212344,-0.5662308,-0.46636736,-0.17403099,-1.0161391,0.16967572,-0.0075830566,-0.70719326,-0.29344332,2.8428693,-0.73115873,0.4494863,1.8485249
