0.06317683,-0.5004205,0.28793746,-0.5588704,-0.008202583,0.6502787,-0.58131933,0.14154501
0.7002294,-0.88409877,0.02261498,-0.17549738,0.37311664,0.42598835,-0.4278798,0.7451984
0.5587001,-0.9413649,0.59141904,0.1362763,-0.34487173,0.57085913,0.04443307,0.85850453
0.103422455,-0.5341232,0.6538547,-0.49517295,-0.9724665,0.55054706,0.8538009,0.95280963
-0.43481815,-0.65726894,0.21708879,-0.91822463,-0.71836114,0.118695356,0.5658147,0.7225961
0.60150075,-0.6847293,0.8740532,-0.9409983,-0.5152499,0.430419,-0.21575852,0.8276049
-0.60918826,-0.07681098,0.77951163,-0.8854415,0.1874277,-0.1523376,-0.4659189,0.9273569
-0.2025986,-0.27390993,-0.15768877,-0.72920686,0.2189646,-0.12489971,-0.19865867,0.85504687
-0.5090114,-0.16734299,-0.55453324,-0.6562183,0.7669409,-0.31711245,-0.40112907,0.7962593
-0.6346417,-0.14059967,-0.70937926,-0.77715087,0.8566973,-0.0660347,-0.71812826,0.73542243
-0.10442038,-0.09509126,0.17925887,-0.7281394,0.48048052,-0.13535088,-0.43257532,-0.28596106
0.79625595,-0.8797017,0.5314296,0.6129855,-0.70795137,0.85215324,-0.058973506,-0.77089113
0.8893591,-0.955198,0.10592094,0.84033847,-0.9242009,0.7873852,-0.09829156,0.09025917
0.94759846,-0.9539927,0.4132636,0.6578013,-0.96092325,0.6614618,-0.25013337,0.8129767
0.5871758,-0.70331204,-0.14732733,-0.646833,-0.0075759054,0.8503666,0.17107695,0.9228582
-0.104378045,-0.7273373,-0.34716776,-0.8679315,0.69854164,-0.58015424,-0.87000686,0.7585499
-0.9147759,0.2497052,-0.41337958,-0.91991276,0.89040107,-0.6707206,-0.773446,0.6991083
-0.98280257,0.8542651,-0.16930988,-0.97516334,0.7988941,-0.24436206,0.47183695,0.44990426
0.1949516,-0.7110033,0.7818089,-0.78781873,0.08059888,0.04757186,-0.46880528,-0.8525572
0.9158985,-0.9763152,0.5991867,0.78080916,-0.87802285,0.7304795,-0.5869608,-0.6789957
0.9331845,-0.9909567,0.4675325,0.83952075,-0.95529294,0.7492077,-0.23355822,0.80061567
0.97037613,-0.9967158,0.22636755,0.9428884,-0.77468413,0.80336964,0.2111541,0.7860664
-0.6519017,-0.8134557,0.4317516,-0.95385087,-0.5877837,0.61733663,0.80127263,0.98730254
-0.86898667,0.71620595,-0.44593272,-0.9860527,0.19874777,-0.089647755,0.6058974,0.8522505
-0.75595284,0.8190798,-0.57189035,-0.865969,0.8372693,-0.3212058,-0.65507585,0.79226685
-0.109009184,-0.015669908,-0.32638416,-0.7495535,0.83250093,-0.22837894,-0.7818639,0.5031858
0.3456204,-0.017635835,0.42119157,0.06300124,-0.52665865,0.3484717,0.06051777,-0.4293136
0.8825584,-0.9062831,0.79733676,0.9042447,-0.91544694,0.49349552,-0.34064177,-0.5880235
0.7929241,-0.9045969,0.6262866,0.71362627,-0.9409182,0.679945,-0.14177759,0.7769788
0.8647935,-0.8438608,0.72048926,0.60980564,-0.9708038,0.68924993,0.1150626,0.9552159
-0.42393968,-0.7522875,0.13176943,-0.584123,0.6809917,0.6373481,0.83467114,0.72416806
-0.7588386,-0.35786337,-0.33805466,-0.88058525,0.9355854,-0.7544328,-0.39151347,0.82487863
-0.8598071,-0.03732805,-0.20112428,-0.97195953,0.83731973,-0.6949255,-0.16316795,0.82567537
-0.33393684,-0.7581578,0.10167335,-0.8843519,0.1033417,-0.4100926,-0.41357157,0.59732914
0.8833552,-0.9875832,0.4062883,0.6445054,-0.94946057,0.9125288,-0.27174833,-0.2587243
0.9099379,-0.9954125,-0.3258552,0.784046,-0.7952899,0.94850636,-0.014873529,0.37592766
0.8835246,-0.9938291,-0.18580358,0.8321852,-0.8690853,0.9348186,0.75323457,0.78222317
-0.7145278,-0.830216,0.22659673,-0.66486347,-0.21879597,0.8488679,0.93763155,0.94387287
0.19385563,-0.6165736,0.6303433,-0.86091596,-0.087596394,0.06821316,-0.30537906,0.8915631
-0.59781426,-0.40638617,0.17729,-0.6371265,0.7175017,-0.5370954,-0.44146797,0.8654627
-0.8312632,-0.14142096,-0.7582941,-0.81371,0.8929373,-0.6056203,-0.5058053,0.8763766
-0.42151746,-0.46197885,-0.12263206,-0.8917511,0.3699967,-0.14262544,0.05008071,0.683259
0.19969155,-0.5445074,0.21874283,-0.605011,-0.23501873,0.4599,0.18851686,-0.26236337
0.720153,-0.9441795,0.20680198,0.7107458,-0.8077176,0.85845506,-0.13005447,-0.5887569
0.92410886,-0.98102957,-0.35634324,0.8747171,-0.83533347,0.85804635,0.37946114,0.27182117
0.86277765,-0.8899812,0.8145573,0.19348377,-0.9351412,0.61631584,-0.4464077,0.93299836
-0.5576785,-0.59212387,0.25003442,-0.772633,-0.05401328,0.8419638,0.30116382,0.9571381
-0.6062258,-0.5466249,0.31480426,-0.88691294,0.33320034,-0.109237105,0.11892135,0.7988857
-0.78956294,0.035695937,-0.41137433,-0.8126368,0.7038037,-0.14868605,0.061242215,0.7975971
-0.30284816,-0.33700475,-0.7097883,-0.6012823,0.7763617,-0.3170141,-0.48066363,0.7196728
0.70433813,-0.59289175,-0.33968183,0.15198064,-0.30281442,0.30340555,0.3297632,-0.14404197
0.7136789,-0.92598015,0.24145909,0.68887717,-0.7431664,0.8279333,-0.029623998,-0.45828715
0.9086231,-0.95330846,0.49313733,0.8521173,-0.9507863,0.8049406,-0.08065887,0.75569737
0.7163958,-0.62699443,0.61621475,-0.24960916,-0.80750656,0.7415972,-0.2855256,0.9225605
-0.92010325,-0.83577573,0.11058779,-0.9031715,0.6366131,0.9698409,0.6986705,0.8823521
-0.65424263,-0.43111587,0.65961343,-0.827644,0.26883703,-0.697208,-0.67664754,0.6631029
-0.6565657,-0.32323563,-0.26147783,-0.66285855,0.89076513,-0.8154238,-0.6201427,0.7430552
-0.7536434,-0.880367,0.82778287,-0.9764832,-0.15215407,-0.24456336,-0.45380598,0.6959032
0.7897336,-0.99194187,0.96170896,-0.9345152,-0.94544333,0.91642547,-0.88914675,0.43087947
0.3210678,-0.99060386,0.86565316,-0.85016316,-0.93670017,0.95161647,-0.6726111,0.3568421
0.048747964,-0.97153926,-0.054321423,-0.4940494,-0.73609835,0.9293576,0.6483695,0.36508343
-0.3485609,-0.88528794,-0.16046263,-0.31050044,0.5119483,0.8986143,0.73880506,0.5788167
-0.6181629,-0.6558028,-0.70520484,-0.15347466,0.5497442,0.76128405,0.52528644,0.59835833
-0.11835742,0.09395003,-0.29651657,-0.28274268,0.47017983,0.42121226,-0.3782823,0.63637316
-0.43235984,0.038941275,-0.12133163,-0.43538237,0.30989906,0.035309985,-0.643379,0.61590725
-0.20928432,-0.4222213,0.28162438,-0.50301373,-0.29325983,0.4880389,-0.77368045,0.82554895
0.15388176,-0.5289557,0.31329155,-0.5201709,-0.32875896,0.6235742,-0.46753016,0.6292705
0.49372825,-0.55342495,0.3845862,-0.19591643,-0.5748452,0.734259,-0.031300962,0.3367016
0.51950693,-0.5753858,0.42731008,-0.4228566,-0.59979093,0.77943337,0.2635811,0.37845308
0.5076906,-0.2931999,0.19911735,-0.25354037,-0.44786683,0.79351324,0.4908179,0.48254317
0.0982835,-0.5281883,-0.08490969,-0.024718521,0.0015050082,0.7891142,0.63032675,0.5807029
-0.50957996,-0.64381707,0.036550194,-0.36217427,0.2158984,0.71143717,0.46204022,0.53005666
-0.5438577,-0.17983134,-0.13872124,-0.39888388,0.3639615,0.45388046,-0.14931643,0.592327
-0.6199453,0.0177528,-0.09793769,-0.46978107,0.56053984,0.06574387,-0.49231797,0.63145
-0.67101777,-0.5059093,-0.1305549,-0.77131486,0.48013097,-0.10053918,-0.5704019,0.7567719
-0.43098843,-0.5572356,-0.45473874,-0.68405485,0.14395854,-0.1401065,-0.16431932,0.69046575
0.4013289,-0.67063844,-0.2515314,0.13878542,-0.63412875,0.0032444028,0.41418186,0.15328062
0.7353279,-0.9284288,-0.059714314,0.71589816,-0.57675415,0.8893594,0.3001923,-0.069981426
0.8843253,-0.9362631,0.060878202,0.70837605,-0.81579095,0.8952282,0.09130911,0.3049311
0.8642049,-0.7776942,0.25977635,0.39823088,-0.7476436,0.76172,-0.098359644,0.81515133
0.04516925,-0.53647584,0.25473902,-0.32075068,0.28979164,0.7319788,0.4690332,0.9016618
-0.23801851,-0.4583783,-0.2759188,-0.30540735,0.6307101,0.10255434,-0.40814453,0.9360232
-0.34311247,-0.57532084,-0.43323526,-0.55884933,0.66650826,0.107877485,-0.6456416,0.87417173
-0.66784376,0.29488423,-0.32442924,-0.82448757,0.49624196,-0.11176401,-0.17305611,0.7539062
0.361784,-0.37811163,0.48896492,-0.49397197,-0.6067292,0.66492695,-0.21338989,0.6978444
0.5454194,-0.290267,0.27473196,-0.31846473,-0.49050605,0.72528154,0.05225448,0.587935
0.60634124,-0.4029797,0.40212065,-0.13079335,-0.6423036,0.7522,0.3118474,0.326879
0.63972086,-0.29769328,0.20167208,-0.28581664,-0.568944,0.8217699,0.5239003,0.43011612
0.36626476,-0.48680452,-0.1739429,0.063954696,-0.07700406,0.7826147,0.5378829,0.5575423
-0.5549938,-0.6696773,-0.16917989,-0.4058811,0.38383353,0.7096432,0.50872445,0.37385076
-0.5872134,-0.24363297,-0.2567242,-0.45759276,0.45353132,0.47438237,-0.107554786,0.4040477
-0.5733975,-0.04978214,-0.16500294,-0.507379,0.47913045,0.12128747,-0.5704139,0.4853187
-0.71600163,-0.56535727,-0.16541293,-0.7724871,0.27580008,0.025654107,-0.579442,0.7540416
-0.48149198,-0.54868454,-0.41936013,-0.6648897,-0.06546549,0.059788767,-0.1921283,0.7109191
0.40860447,-0.742982,-0.17577183,0.17244309,-0.455328,0.38208047,0.24472289,0.15124783
0.6785661,-0.85451305,0.084643744,0.48138797,-0.19984278,0.82903755,0.21048759,0.021033918
0.80808336,-0.89803386,0.1640525,0.5938212,-0.642116,0.87153786,0.14774852,0.12297808
0.8972926,-0.87782526,0.2214971,0.50026244,-0.7410966,0.76758784,-0.11195392,0.5297442
0.74655026,-0.7343771,0.1688246,0.2776257,-0.4318756,0.6650387,0.087673336,0.8271251
0.35513386,-0.7073767,-0.40463093,-0.44169298,0.51174444,0.24082407,-0.4047927,0.94234824
-0.27412987,-0.3835289,-0.3055637,-0.71134025,0.6446254,-0.19362408,-0.14613087,0.7952907
-0.7702055,0.35243103,-0.3123874,-0.83128715,0.5825418,-0.14048366,0.09610728,0.72329175
-0.24362174,-0.389978,0.07025478,-0.5414946,-0.09207293,0.53807807,-0.036048956,0.53874534
0.30897593,-0.22170912,-0.17926913,-0.44033217,-0.13059436,0.72804403,-0.06995356,0.45823622
0.54378635,-0.07719831,-0.03293686,-0.48497897,-0.5039888,0.67360806,0.08395489,0.52938867
0.40600812,-0.40682796,-0.01501999,-0.16381028,-0.39448678,0.73879874,0.06524786,0.4328126
0.3893994,-0.45358992,0.19336127,-0.18374087,-0.38020647,0.70839447,0.18427649,0.50528306
0.28274706,-0.3277929,-0.08208287,-0.19194481,-0.11684508,0.71154773,0.32084882,0.47555518
-0.11397491,-0.5392819,-0.13669917,-0.29028624,0.36005285,0.77893347,0.32374188,0.5249702
-0.016311957,-0.3990145,0.016940827,-0.21264413,0.29956684,0.7095232,0.048650924,0.6335388
-0.18886767,-0.13319604,0.19347711,-0.22513351,0.23792161,0.4669309,-0.20695405,0.67040837
-0.18134311,-0.18784605,0.05195531,-0.17796521,0.22633898,0.36491907,-0.30148533,0.6990873
-0.34201407,-0.30057734,0.11718731,-0.47981018,0.20269793,0.22293334,-0.3574458,0.6971097
-0.5390955,-0.56858337,0.18159196,-0.68412167,0.1354181,0.36494726,-0.41038543,0.6695094
-0.33576232,-0.6656886,-0.008682968,-0.65667313,-0.1750991,0.47627884,-0.22544159,0.6827245
0.094957836,-0.7307972,-0.05637157,-0.44700193,-0.38498348,0.56114256,0.10001661,0.49220634
0.20881909,-0.75424707,-0.18568341,-0.39849237,-0.12881732,0.79680043,0.43646303,0.26447242
0.2262432,-0.88344127,-0.35082948,-0.14362612,0.009397953,0.9091601,0.50668085,0.12162302
0.29357526,-0.873271,-0.653127,0.27352986,0.37752777,0.92647785,0.6274766,-0.02256203
0.5048144,-0.74594975,-0.65933925,0.5246281,0.29332224,0.8532387,0.54509157,-0.13457291
0.5173867,0.19539016,-0.0790668,-0.30298358,-0.10515927,0.4656298,0.090806626,0.29223678
-0.006273061,0.50743914,0.78053087,-0.740735,-0.36606863,-0.7743184,-0.7123781,0.53894114
-0.83093995,-0.7297194,0.96539485,-0.92000747,-0.33515826,-0.78526765,-0.8889696,0.7748595
-0.68137944,-0.86309093,0.93946624,-0.93770975,-0.62723714,0.82846266,-0.922708,0.91397345
-0.62986326,-0.9358146,0.56854326,-0.9649383,-0.43786964,0.97233415,0.07682618,0.8778936
0.045063015,-0.96778506,-0.73181504,-0.15306412,-0.5078739,0.97644806,0.9541847,-0.47805902
0.8875844,-0.9216286,-0.68862873,0.83500993,-0.19736359,0.90122926,0.7906315,0.12861812
0.84022796,-0.72132754,-0.8816691,0.70488894,0.04817864,0.80167806,0.8244779,0.46978378
0.6608162,0.7793127,0.45486408,-0.7339841,0.12708232,0.51275635,-0.047499884,0.9352066
-0.22081569,-0.04340026,0.71952367,-0.8084708,0.48986056,0.2866326,-0.77553576,0.85831904
-0.5203334,-0.704639,0.7496226,-0.7906574,0.7159755,-0.3875047,-0.9002339,0.8657888
-0.6454678,-0.7773141,0.39966106,-0.64134395,0.66079247,-0.4845551,-0.77349854,0.8440236
0.19884817,-0.8594525,0.031041004,-0.9127211,-0.484053,0.72084594,0.03359932,0.91328496
0.36952212,-0.74364775,-0.6521895,0.121045776,-0.31002998,0.9448908,0.6013479,0.15321365
0.09203532,-0.77608377,-0.8355535,0.41905755,-0.37190896,0.8318599,0.85446334,-0.10936971
0.1530475,-0.3544225,-0.7083929,0.06818442,0.107255,0.8290194,0.6854641,0.24488473
0.09475294,0.6765139,0.17516153,-0.7159119,0.39726853,0.18400538,-0.19166297,0.74143696
-0.57167625,-0.47826672,0.62034243,-0.5890358,0.36224198,0.06675323,-0.8644174,0.8319945
-0.44074202,-0.7079544,0.36806294,-0.36947766,0.29691225,-0.101732865,-0.82896423,0.81438744
0.014726336,-0.5519676,0.37487423,-0.7207834,-0.1060953,0.6080626,0.018094061,0.6813319
-0.16567035,-0.6441557,-0.26426592,-0.74466157,-0.35628447,0.72450894,0.61499184,0.68732744
0.5682383,-0.74660224,-0.26822355,-0.49684626,-0.25328615,0.76389635,0.37460822,0.357773
0.45037526,-0.7511782,-0.3193771,-0.13762924,-0.026277391,0.87564933,0.5777198,0.20409733
0.17597143,-0.46401814,-0.52894175,-0.003026515,0.2624202,0.76844835,0.53882736,0.2154851
0.02661938,-0.06596232,-0.5662681,-0.11493545,0.29781017,0.6102976,0.15629548,0.50727826
-0.13807353,0.057834294,0.34579954,-0.23368898,0.35554552,0.09545734,-0.54067713,0.77340436
-0.1536799,-0.25291142,0.40918872,-0.4506673,0.47294426,0.060058694,-0.73063785,0.8016074
-0.4447785,-0.39540046,0.04496145,-0.65948707,0.38993943,0.32614252,-0.5449324,0.65981144
-0.4565403,-0.22613175,-0.17786907,-0.6673836,0.5176016,0.54306036,-0.10295562,0.5803007
-0.007828638,0.16290204,-0.0846451,-0.6057479,0.16527677,0.59637153,0.42213157,0.41711527
0.2221275,0.05335868,-0.028665055,-0.36586934,-0.30640337,0.7029658,0.17845465,0.2438609
0.54454964,-0.19559824,0.3829834,-0.060944036,-0.6474792,0.6972148,0.2558424,0.32308507
0.73780155,-0.17422494,0.64588636,0.12075108,-0.8707381,0.6612444,0.43234146,0.60930705
0.7638285,0.18917787,0.36854318,0.265363,-0.7454973,0.6664112,0.44766334,0.85288936
-0.28903344,-0.08979696,-0.14533879,0.041022744,0.09467847,0.5125752,-0.31000566,0.7833011
-0.145882,-0.60775095,-0.5195029,-0.42630836,0.8532034,0.25675774,-0.54958135,0.7115349
-0.334285,-0.5407973,-0.22809428,-0.8446036,0.5527859,0.01791617,-0.4278421,0.8517746
-0.55751276,-0.140619,-0.52367216,-0.76367795,0.37238446,-0.04219119,-0.12674665,0.7910741
-0.50247806,-0.01633791,-0.7223209,-0.6054498,0.32844317,-0.03436581,0.41178477,0.33214474
0.40188232,-0.4772352,0.03300238,0.07545338,-0.15309809,0.36305162,0.48897532,-0.17276037
0.68325984,-0.6444289,0.4361509,0.34992164,-0.41127613,0.655649,0.23017712,-0.010442114
0.75734645,-0.69870025,0.4866385,0.49503255,-0.755293,0.82031244,0.24360874,0.2772759
0.839061,-0.6761936,0.26869178,0.30183837,-0.81871086,0.6734043,0.3291839,0.53920794
0.611129,-0.41650066,-0.22595707,0.16785261,-0.08611076,0.54569346,0.080626175,0.72963816
0.11668392,-0.22726125,-0.079719216,-0.2684776,0.6493364,0.42698702,-0.7552887,0.8555017
0.22507834,-0.503151,-0.33317804,-0.62889075,0.68465036,0.2836185,-0.6441425,0.8907911
-0.7366895,-0.057334874,-0.4821854,-0.8634286,0.7504378,-0.32382137,-0.5212872,0.8163669
-0.7865599,0.65132385,-0.56214046,-0.9007677,0.3378867,0.28714254,0.12376938,0.7825352
0.20466737,-0.094787784,0.22811083,-0.20962745,-0.3734248,0.53706056,0.6131343,-0.3118799
0.5748198,-0.43845004,0.1491058,0.5378502,-0.56228495,0.532147,0.17766799,-0.52636826
0.8687061,-0.8097866,0.29513723,0.7420568,-0.77135867,0.711953,0.19584396,0.25735617
0.9152367,-0.8695674,0.5051244,0.631985,-0.83399445,0.7819952,0.014719535,0.77423453
0.60252404,-0.6968417,0.09328526,-0.18356028,-0.12537242,0.42482612,0.1287065,0.7422163
-0.798638,-0.79863715,-0.4532897,-0.58854944,0.81697416,-0.16178288,-0.06603081,0.7522198
-0.4395082,-0.4209085,-0.27123958,-0.7955577,0.6194885,-0.17449827,-0.36599457,0.8846591
-0.834357,-0.046048615,-0.31700927,-0.9142693,0.21672837,0.021840584,-0.14970417,0.85421395
-0.7578866,-0.20750344,-0.3882757,-0.71933156,0.11300312,-0.16211364,0.024166664,0.47293347
0.33881328,-0.82945895,-0.079026334,0.061182745,-0.42418915,0.55412644,0.29655218,-0.2720586
0.84527034,-0.9184221,-0.65376556,0.798404,-0.096668094,0.8921858,0.5940803,0.22743767
0.9274463,-0.88030326,0.21183488,0.59651124,-0.75823885,0.72133213,-0.359448,0.4996232
0.8505376,-0.73270166,0.17200783,0.3942999,-0.7197283,0.74006885,-0.047850892,0.6318519
0.0024810086,-0.52542853,0.13420214,-0.2521157,0.44593313,0.6066878,-0.15657258,0.81630075
0.40057036,-0.7113646,-0.32677925,-0.029573366,0.567151,0.45746806,-0.7027177,0.92402077
0.084945075,-0.57747465,-0.29814485,-0.6337883,0.542951,0.33599535,-0.414586,0.8250845
-0.8230942,0.015286592,-0.17989986,-0.82392126,0.70295435,-0.14220572,-0.14713056,0.7834762
-0.5803129,0.61584187,-0.12502046,-0.8594588,0.1768743,0.3193567,0.4218086,0.8346309
-0.34453103,0.20881149,-0.12563346,-0.116091296,0.10407425,0.2779955,0.6907574,-0.6365276
0.3576312,-0.47575927,0.24345653,0.55315936,-0.42331767,0.37464717,0.16422297,-0.77222645
0.9480964,-0.91747564,0.5127642,0.8816017,-0.91869694,0.59262687,-0.053353,0.19023806
0.9855401,-0.9802317,0.43433958,0.9314635,-0.96657866,0.82351536,-0.076740615,0.7996833
0.75638676,-0.73680097,-0.30212548,0.5235334,-0.45411086,0.34945008,0.34161595,0.75775874
-0.7933733,-0.5906558,-0.04391987,-0.48882705,0.5102877,0.045337472,0.011280712,0.8465616
-0.96816176,-0.31458163,-0.20791367,-0.8485211,0.8642052,-0.3300622,-0.22352786,0.87824315
-0.6628461,-0.14234112,-0.46226555,-0.8326434,0.6823739,-0.36923572,-0.23850062,0.8223537
-0.54124343,-0.37313142,-0.4925095,-0.7277729,0.040954493,-0.52873427,0.122818835,0.34371084
0.50429416,-0.9598653,0.21298957,0.6840059,-0.66748446,0.7978277,-0.20235927,-0.456069
0.8005,-0.9792982,0.17107792,0.68817943,-0.8892021,0.87159896,0.21467555,0.4769982
0.8873279,-0.94188225,0.41769484,0.425903,-0.89747655,0.8062949,-0.071527086,0.8517985
0.07130876,-0.8026109,0.3692334,-0.44177943,0.038904656,0.65812784,0.61141413,0.89039695
-0.655513,-0.52651477,0.42220357,-0.8644514,0.2877672,0.41555065,0.15254638,0.93133163
-0.6952315,-0.28788283,-0.25493252,-0.6696415,0.87440354,-0.6023951,-0.40971118,0.8950882
-0.8619253,-0.12437775,-0.5912152,-0.8175238,0.8871728,-0.7156561,-0.7368205,0.87911487
-0.025014624,-0.7999839,0.42140993,-0.89879876,-0.6296721,-0.08379523,0.17261373,0.50759333
0.24768546,-0.954564,0.56089276,-0.082893826,-0.76574045,0.93057144,-0.37171346,-0.41124284
0.26294005,-0.9710708,0.079341285,-0.16522086,-0.7980793,0.9310986,0.13025916,-0.30482954
0.62391907,-0.98071015,-0.85513085,0.34822047,0.1940919,0.96217644,0.9048715,-0.20140703
0.4434104,-0.89680374,-0.38969454,0.38620177,-0.4438939,0.69079155,0.092392154,0.51696444
0.24997215,-0.62182766,-0.16569147,-0.2953878,-0.040852975,0.7405823,0.12033238,0.7782622
-0.41752285,-0.53368014,-0.02097228,-0.14377916,0.3310782,0.39157906,0.11304346,0.6216675
-0.5086074,-0.20572719,-0.011017622,-0.3160156,0.43882787,0.16812465,-0.33967286,0.6199927
-0.49879426,-0.41126317,-0.09428789,-0.502923,0.50338155,0.19176261,-0.4766692,0.7023071
-0.35350806,0.25637642,-0.31829002,-0.76971,0.15953997,0.50055534,0.015639758,0.7074796
0.14458628,-0.12001364,-0.37387395,-0.30805612,-0.26689267,0.40992308,0.2521702,-0.08389904
0.57845986,-0.32892233,-0.0367902,-0.11082902,-0.6291254,0.5293847,-0.15040305,0.3624996
0.7305067,-0.1483365,0.34896517,-0.3361927,-0.8200713,0.44803247,-0.21754481,0.7338145
0.59574175,-0.0108088385,0.26124942,-0.3449583,-0.7043737,0.349476,-0.101790026,0.7289334
-0.04438874,0.029031796,-0.3099645,-0.16885266,0.06836138,0.6571437,0.3693934,0.58572763
-0.7749859,-0.71049726,-0.26183546,-0.27956867,0.5268295,0.71728927,0.24510944,0.340508
-0.51871306,-0.6168504,-0.46144322,-0.3606564,0.6400948,0.67854637,-0.006387514,0.50795543
-0.70255905,-0.42711022,-0.59492385,-0.55045193,0.7051739,0.46140957,0.05937661,0.47206637
-0.4522994,-0.167847,-0.5700475,-0.6797866,0.40270257,0.47008052,0.29254636,0.2696441
0.66784114,-0.21382661,-0.1134436,-0.101641245,-0.58163196,0.60335803,-0.25717202,0.09015884
0.6870783,-0.17696016,0.21697548,-0.33813578,-0.779141,0.45939016,-0.22858964,0.73275465
0.7497858,-0.040440924,0.47157934,-0.35146612,-0.8320808,0.22531374,-0.191153,0.8236167
0.3649929,0.23293474,-0.22520757,-0.21008442,-0.30528447,0.5352919,0.26635942,0.6858679
-0.63772196,-0.52835065,-0.020826882,-0.02855556,0.35608247,0.64485925,0.33238274,0.26411927
-0.49189824,-0.525587,-0.26679453,-0.24904253,0.44961452,0.72862524,-0.18203424,0.46763423
-0.67243594,-0.5261996,-0.40562168,-0.49821475,0.67702997,0.44644055,-0.2557819,0.58716476
-0.73837996,-0.20446716,-0.6403152,-0.6844259,0.60118467,0.29795372,0.10702648,0.4871848
0.015048281,-0.104601294,-0.3746129,-0.6345333,-0.108759,0.56014997,0.38542318,0.36513138
0.7208928,-0.28728575,0.06013617,-0.22463876,-0.5115313,0.6192604,-0.3330071,0.2529161
0.7176028,-0.23140927,0.43787342,-0.25559315,-0.82379395,0.32578915,-0.290246,0.75905406
0.6973817,-0.011359258,0.40133545,-0.34235835,-0.7987626,0.3218841,-0.08148709,0.761425
0.04217725,0.09576085,-0.29120255,-0.20475955,-0.066769205,0.6284961,0.46641007,0.6664671
-0.7630405,-0.7118582,-0.16775878,-0.31720355,0.3868734,0.7284697,0.32192254,0.3905874
-0.61127645,-0.52737695,-0.25364688,-0.45188493,0.6292212,0.5051329,-0.1688704,0.57230866
-0.74362594,-0.4833142,-0.37486863,-0.7813941,0.68398553,0.28063485,-0.2919179,0.58733976
-0.58942384,-0.10396119,-0.6402347,-0.6939598,0.45455882,-0.007854475,0.15096615,0.44352558
0.42797723,-0.30039462,-0.09811709,-0.36102733,-0.47904018,0.35453364,0.24366891,-0.009993675
0.63874537,-0.5012226,0.27628842,0.064857475,-0.59076196,0.5448595,-0.08908948,0.35740608
0.6467415,-0.39274386,0.5592801,-0.19639178,-0.79072547,0.22877301,-0.34215444,0.7596012
0.64428747,-0.1277523,0.28603163,-0.120474726,-0.6729968,0.2686749,0.2289903,0.68004435
-0.3645619,-0.15583105,-0.2966231,0.07630745,0.27895495,0.587668,0.627939,0.630104
-0.3889433,-0.40883294,-0.15040264,-0.14426425,0.35178667,0.64953125,-0.117488734,0.6318326
-0.56898755,-0.34859103,-0.15725155,-0.27183813,0.62402165,0.36510268,-0.42929572,0.6479782
-0.70424765,-0.4609739,-0.38322407,-0.7255634,0.6753036,0.106734835,-0.399347,0.60966086
-0.47076225,-0.07831096,-0.46240568,-0.6847899,0.3999424,-0.061795186,0.1632188,0.21289855
0.7450607,-0.33569235,0.3099114,-0.22860307,-0.5865821,0.4945693,-0.069592945,0.12939174
0.6489496,-0.5685007,0.4601239,-0.06848271,-0.7958455,0.44402647,-0.15316068,0.6187684
0.72887135,-0.4394614,0.60159075,-0.29828084,-0.84346133,0.34331292,-0.010220046,0.6551227
0.2729999,-0.00786839,-0.06487391,-0.24104333,-0.25971583,0.6342909,0.53624356,0.7012878
-0.7580441,-0.6861213,-0.082996875,-0.087182105,0.37192306,0.67981625,0.5835315,0.4325397
-0.53852576,-0.4651,-0.13761103,-0.30424476,0.51830655,0.5447114,-0.07053759,0.66049165
-0.67471015,-0.3569472,-0.36575088,-0.6053533,0.7306108,0.21908998,-0.42486173,0.56237537
-0.54693717,-0.17357343,-0.61591744,-0.711501,0.5220072,0.12932467,-0.14733799,0.49717954
0.31506953,-0.14316769,-0.28747165,-0.6034758,-0.32411352,0.50813246,0.17117551,0.19098206
0.61187875,-0.45049283,0.42911842,-0.030949457,-0.6657237,0.3367577,-0.27371848,0.4201916
0.6389122,-0.4677009,0.65425265,-0.25142914,-0.8213441,0.20536433,-0.3477628,0.7282209
0.5087563,0.015289064,0.33218083,-0.38920802,-0.64754456,0.31754282,0.07134939,0.7345228
-0.30812493,-0.1262965,-0.24690153,-0.19502258,0.19864431,0.67437124,0.6043914,0.64380985
-0.4246473,-0.6104853,-0.2164328,-0.2790642,0.40607348,0.6792853,0.038740933,0.6445842
-0.57874304,-0.5621344,-0.23699424,-0.5014943,0.58326226,0.43642956,-0.092802316,0.6592909
-0.6914356,-0.50722104,-0.47185642,-0.6923533,0.7305483,0.18602619,-0.23608501,0.5386599
-0.4843497,-0.054764245,-0.63520217,-0.68952453,0.45293283,0.16878478,0.1825839,0.2993821
0.6061727,-0.37685144,0.28469595,-0.2710182,-0.500244,0.39249918,-0.047107324,0.005199051
0.57316345,-0.53568035,0.5279857,-0.16171846,-0.74326384,0.33506662,-0.18124604,0.52862185
0.77448475,-0.45728758,0.62733716,-0.24959318,-0.8885216,0.31488982,-0.0045031467,0.7435152
0.50913084,0.15226825,0.10634169,-0.12617794,-0.5778455,0.5878052,0.37888613,0.7858031
-0.68108195,-0.47761127,-0.2341521,-0.08315762,0.32394,0.59663254,0.6313984,0.48395193
-0.6702393,-0.49486682,0.011034862,-0.4061353,0.4314824,0.54703933,0.03940159,0.69658476
-0.721792,-0.21616524,-0.11414119,-0.673711,0.66580695,0.065067165,-0.45914477,0.665887
-0.5723973,-0.3294464,-0.5829365,-0.7859173,0.6938147,-0.20909081,-0.53030586,0.65767586
-0.014722151,-0.30006206,-0.49412465,-0.47214213,-0.12581336,-0.22413103,0.031225564,0.21875232
0.3612832,-0.8888276,0.17431897,0.5142228,-0.5418876,0.82924706,-0.15294172,-0.2654995
0.85581505,-0.8833396,-0.07207383,0.7551578,-0.78258353,0.777083,0.20762685,0.51830727
0.88409716,-0.8643694,-0.051813416,0.64020014,-0.7368003,0.7768822,0.018716194,0.44139665
0.6920135,-0.60709876,0.029796045,0.46597782,-0.39258245,0.6804897,0.04954668,0.81512666
0.5318998,-0.7791075,-0.612159,-0.20095104,0.5471867,0.43901527,-0.5113125,0.91163677
-0.10400773,-0.51216334,-0.50496566,-0.62188894,0.60246766,0.124566115,-0.16430178,0.8017569
-0.6924703,-0.2558967,-0.12297329,-0.6795741,0.49811003,-0.03818455,0.10659116,0.7806607
-0.55245364,0.31901437,0.004524031,-0.72897977,-0.09668185,0.36282033,0.36015242,0.7957471
0.09112564,-0.22086291,-0.3760141,-0.2135749,0.07954409,0.51869345,0.39305106,-0.30624884
0.43944857,-0.4006153,-0.21403132,-0.113150254,-0.26146936,0.617451,-0.026823884,0.043237165
0.5731392,-0.2411451,-0.20010285,-0.24014817,-0.49624673,0.6629111,-0.11547302,0.4671582
0.62697333,-0.27877814,0.039392516,-0.4918174,-0.6922842,0.5691033,0.030636512,0.7544474
0.5696897,-0.2232504,0.17966521,-0.20659634,-0.47936788,0.58834594,0.0022435954,0.7357032
0.28269264,-0.29748994,-0.25263223,0.00034881633,0.13383195,0.6839231,0.4311263,0.5908563
-0.4396033,-0.4797315,0.10629452,-0.34250778,0.3438379,0.5885817,0.03993856,0.55636424
-0.2633756,-0.43143758,-0.11559838,-0.19603446,0.28389385,0.53342605,-0.0891225,0.598315
-0.30952302,-0.41093603,-0.09034594,-0.33290702,0.2638046,0.35857877,-0.29486468,0.6800255
-0.4629447,-0.5046088,-0.15238813,-0.5681323,0.15784094,0.23181471,-0.40375635,0.758357
-0.4554293,-0.36875072,-0.24343221,-0.6429913,0.1281554,0.39922562,-0.18663244,0.687519
0.07388202,-0.40539825,-0.30464375,-0.5222193,-0.24777617,0.527483,0.06448197,0.47380748
0.5847034,-0.3187332,-0.12836342,-0.3494363,-0.5640736,0.5590543,-0.12653555,0.48357975
0.6225239,-0.34004968,0.19520839,-0.34011453,-0.69170505,0.5206795,-0.046405096,0.6510551
0.6887502,-0.31858164,0.39890864,-0.3704454,-0.7225382,0.5732361,0.11211071,0.6965654
0.533508,-0.122287,0.052745584,-0.23176004,-0.2854829,0.7250666,0.39483845,0.63696396
-0.35983106,-0.6626286,-0.26345658,-0.16527182,0.3660536,0.74721605,0.5810763,0.2959223
-0.6271891,-0.68364,-0.24329934,-0.18818583,0.39166903,0.74322885,0.38573152,0.42877233
-0.45012042,-0.5935486,-0.24254353,-0.31796888,0.4780992,0.58996993,0.1351398,0.47486982
-0.5151889,-0.3853304,-0.38732657,-0.46292105,0.5244523,0.38673687,-0.41225994,0.5018732
-0.4736335,-0.27259174,-0.37687206,-0.67536634,0.01982267,0.30016527,-0.49634376,0.72074056
0.2359738,-0.18793276,0.1424719,-0.65102035,-0.50835806,0.3852611,-0.51471597,0.6576713
0.55578244,-0.44024983,0.24886857,-0.37319517,-0.6298791,0.32546774,-0.37483072,0.6348007
0.62073237,-0.38121462,0.63130844,-0.3647997,-0.73903126,0.45071575,-0.18298689,0.71384513
0.5077955,-0.17119762,0.24770744,-0.53133047,-0.4167858,0.69020903,0.31464514,0.70929295
0.10445854,-0.36750257,-0.33116707,-0.5061684,0.3588099,0.8199207,0.71500266,0.6053265
-0.46088138,-0.82533205,-0.27044666,-0.4316893,0.40190592,0.83575296,0.39599127,0.38444486
-0.5087618,-0.70321244,-0.22717394,-0.5198805,0.37893993,0.6501004,0.33345646,0.39039952
-0.57405305,-0.62493354,-0.43589157,-0.4686001,0.54092515,0.52602696,0.14782177,0.36554208
-0.532483,-0.42242697,-0.6710735,-0.48731005,0.493243,0.5299689,-0.15148564,0.39174446
-0.08963442,-0.16550387,-0.21300524,-0.48153806,-0.1722797,0.48808363,-0.34983587,0.3289076
0.6173412,-0.28331614,0.4072258,-0.4840814,-0.4125535,0.3770844,-0.38906893,0.4926705
0.6406719,-0.4883834,0.4766567,-0.2764631,-0.69571847,0.20508869,-0.41128752,0.6790996
0.74088657,-0.3488984,0.68429035,-0.28433746,-0.84655875,0.25696424,-0.19778055,0.76040137
0.43464026,0.087476425,-0.06405306,-0.4298462,-0.1896167,0.62712455,0.47234744,0.7490341
-0.49292916,-0.69452655,-0.14820282,-0.35568696,0.3238641,0.75037515,0.46614724,0.46023977
-0.6279674,-0.74254423,-0.15496963,-0.5724558,0.28706455,0.6829613,0.1381313,0.6041171
-0.6110182,-0.635974,-0.09340578,-0.58702487,0.36971667,0.4323988,-0.069897905,0.64707446
-0.66938436,-0.61070436,-0.26203585,-0.6493789,0.37981465,0.15663987,-0.15759878,0.6441183
-0.59505063,-0.44619125,-0.55769897,-0.6460384,0.4103078,-0.10823736,-0.20649096,0.65447176
-0.012440631,-0.33103997,-0.5329744,-0.2246252,-0.35596257,-0.022726646,0.16269454,0.33622268
0.6962239,-0.8008701,-0.0591735,0.3308756,-0.16984004,0.6099386,0.23514904,-0.16012676
0.70456207,-0.79179925,-0.029940072,0.71155435,-0.55328673,0.8379219,0.19855343,0.20347875
0.86091304,-0.7863138,0.2258827,0.51759654,-0.73477703,0.53150636,-0.19347313,0.38110986
0.73513067,-0.59476817,0.1918404,0.43391615,-0.5395372,0.37484142,-0.27778378,0.7121244
0.2770378,-0.6871797,-0.08112368,-0.38776872,0.478053,0.50202966,-0.42021582,0.9394849
0.49650356,-0.633729,-0.29807293,-0.54065293,0.42355496,0.3995669,-0.13289393,0.8958335
-0.5957709,-0.37469894,-0.08009359,-0.6569597,0.5024781,0.07892387,0.053792987,0.83555675
-0.6597026,0.07704628,0.040709216,-0.6619802,0.14037034,0.20490421,0.1478206,0.7536549
-0.39582863,-0.2523701,-0.47136304,-0.48159868,0.48776188,0.29800227,0.43455064,0.056030814
0.40727448,-0.25614655,-0.09343802,-0.3308851,-0.30999416,0.46916008,0.27452958,0.12102088
0.5693341,-0.5025053,0.029029006,-0.23012568,-0.44077274,0.52409554,-0.106987335,0.12553652
0.66225487,-0.5337244,0.31822777,-0.20100626,-0.7707282,0.43874583,-0.045596585,0.61990345
0.7833534,-0.30654216,0.44708392,-0.14420094,-0.8464227,0.4235391,0.14395167,0.75463945
0.40852746,0.12890562,-0.18448149,0.11318288,-0.21660659,0.5610206,0.47157362,0.7901247
-0.59201306,-0.4088845,0.0742771,-0.011546421,0.3648577,0.5089644,-0.15809315,0.5327304
-0.54391587,-0.2719858,0.08279804,-0.3107505,0.5414202,0.24272005,-0.35047892,0.70016813
-0.76292735,-0.32232016,-0.088110685,-0.7354521,0.6737406,-0.103862345,-0.48754078,0.75959533
-0.6809862,-0.44756857,-0.43022192,-0.8028966,0.43227994,-0.27075693,-0.49846423,0.7690301
0.0012663405,-0.56108505,-0.20835769,-0.37253997,-0.38482523,-0.41090083,-0.03059858,0.23341484
0.49221495,-0.93924934,0.34800282,0.37300894,-0.7282679,0.86377555,-0.2574001,-0.11294732
0.6185753,-0.9225736,0.06288475,0.34274048,-0.6891405,0.9000094,0.39812034,0.4426374
0.5428016,-0.9180366,-0.25392586,0.25270241,-0.15284103,0.88040185,0.51782006,0.59391046
-0.01739165,-0.8406494,0.11753988,-0.33873394,0.18469349,0.79711545,0.53725964,0.7748957
-0.6137717,-0.7722362,0.51068044,-0.7173504,-0.16229612,0.6505252,0.40176576,0.86714464
-0.71959543,-0.39679256,0.18589056,-0.47763154,0.61669654,-0.098331355,-0.13261457,0.8604361
-0.88711333,-0.17938092,-0.23434804,-0.6800439,0.93082494,-0.7709286,-0.53911525,0.8833791
-0.6838195,-0.5992326,-0.13708706,-0.9189947,0.5967966,-0.439879,-0.49868977,0.74889666
-0.47475764,-0.7918702,0.09650767,-0.7701924,-0.19272691,-0.4815483,-0.32498896,0.42853355
0.12190966,-0.96390486,0.03955633,0.22049873,-0.6727132,0.9167375,-0.2222273,-0.3673054
0.64325124,-0.9347475,-0.79532266,0.5020884,-0.010023613,0.90437555,0.7249569,-0.024456253
0.713744,-0.9357495,-0.4657147,0.54164433,-0.78646886,0.7659244,0.31520036,0.6655028
0.80982333,-0.88098276,0.08972183,0.019105364,-0.6416697,0.7237495,-0.2693879,0.74789494
0.16429938,-0.48505157,0.22803381,-0.13544255,0.07658587,0.5479048,0.13908646,0.83620197
0.64585644,-0.6518001,-0.2978287,-0.27723205,0.19560736,0.25630215,-0.38632265,0.8830198
0.43718144,-0.72136337,-0.29436818,-0.26451162,0.42297095,0.07118032,-0.41685066,0.8847567
-0.322284,-0.49853596,-0.08177289,-0.64778227,0.26959553,0.3076789,0.02101067,0.81711006
-0.7542335,-0.036991727,0.16571924,-0.5964607,0.015205917,0.24970224,0.17981231,0.8201215
-0.3651462,-0.2213171,-0.48189965,-0.6031365,-0.021358896,0.46871722,0.0033530944,0.67388976
0.19214067,-0.2449556,-0.4310345,-0.41729873,-0.24019542,0.4826724,0.24566683,0.30506098
0.5231755,-0.19197477,-0.4534631,-0.42281055,-0.47227615,0.6250867,-0.061694574,0.5451665
0.53134185,-0.14201456,-0.23532522,-0.4885834,-0.6106971,0.5834671,-0.21354564,0.7899599
0.6723567,-0.2827033,0.0542884,-0.49687386,-0.6730267,0.5730337,-0.009881223,0.8317417
0.5905942,-0.2637735,0.15450688,-0.40443927,-0.45509094,0.5486092,0.10590992,0.7539303
0.02960186,-0.3359462,-0.18546046,-0.15952383,0.24453056,0.71696794,0.42011553,0.53121877
-0.60271764,-0.71590555,-0.34730646,-0.19737561,0.51651895,0.73138523,0.4173944,0.2889918
-0.17213582,-0.5685918,-0.46690595,-0.25583607,0.45549747,0.6711794,0.3513594,0.4548712
-0.29211307,-0.28415203,-0.46131307,-0.5665547,0.26999316,0.3821336,-0.22328332,0.6582362
-0.32224482,-0.31613055,-0.20253335,-0.70670605,-0.22408597,0.058950063,-0.51677,0.821713
-0.26344666,-0.22877392,-0.14162055,-0.71076167,-0.52612597,0.077698156,-0.47506884,0.8546403
0.078746654,-0.21642141,-0.12144209,-0.6068368,-0.566103,0.29681844,-0.41951138,0.80149883
0.43976533,-0.25349084,0.13937342,-0.53465927,-0.6341016,0.40484098,-0.24924122,0.77086604
0.42029157,-0.2585747,0.38729534,-0.61600316,-0.5844695,0.52660817,-0.04015681,0.8100226
0.37334332,-0.2744128,0.17883326,-0.54890287,-0.28475514,0.7362906,0.29449558,0.73777515
0.04219739,-0.32377785,-0.4676396,-0.33191368,0.48824626,0.80068505,0.27346456,0.49622682
-0.09688695,-0.73076457,-0.32553038,-0.18329243,0.5188275,0.79793763,0.3982686,0.22708729
-0.18016842,-0.613994,-0.33941728,-0.19166204,0.5324258,0.61112046,0.37819728,0.13271111
-0.17722332,-0.30466247,-0.3406601,-0.5653672,0.38631365,0.15745327,-0.009442806,0.29605114
-0.22486702,-0.061315227,0.15648656,-0.7685008,-0.28778404,-0.48911008,-0.6616376,0.7205155
-0.35351598,0.074113876,0.40656662,-0.87905127,-0.6686893,-0.36111015,-0.5972654,0.8940279
-0.4024573,-0.40907437,0.67788845,-0.80319124,-0.51371723,0.28043166,-0.73729175,0.7521684
-0.3149881,-0.7726092,0.72962785,-0.7593953,-0.63994384,0.76277274,-0.55958486,0.6759922
0.20223348,-0.84244835,-0.25336698,-0.71321,-0.2824654,0.9548736,0.8308298,0.51555014
0.76556844,-0.93053466,-0.90189475,0.33711952,0.6317108,0.9064454,0.9307831,0.59593433
0.5263816,-0.924574,-0.5121607,0.0062373076,0.19673745,0.92607456,0.7269806,0.09076158
0.25997794,-0.779311,-0.7721211,0.38517502,0.41648763,0.83797777,0.7915786,-0.031800423
0.07360683,0.08694832,-0.369072,-0.3343473,0.5929062,-0.02387523,0.12600262,0.35848075
-0.670422,0.34726566,0.85521567,-0.8405621,0.062973075,-0.8440504,-0.82957035,0.8524529
-0.7592609,-0.6829298,0.8652944,-0.82605517,-0.55698687,-0.37488332,-0.7459672,0.73809177
-0.27194262,-0.791525,0.7047114,-0.8816081,-0.5568268,0.73592377,-0.7511702,0.8200663
0.09968031,-0.8878405,0.23884705,-0.7869145,-0.7035816,0.9678607,0.21820942,0.8528958
0.43579638,-0.93959194,-0.75046784,0.374526,-0.15421833,0.9587719,0.8434831,0.1318266
0.6885144,-0.9405599,-0.93819153,0.91019875,-0.18180645,0.9314421,0.94111896,0.12804623
0.59909534,-0.49705115,-0.47409156,-0.20898426,0.23839268,0.81338596,0.43382075,0.7806291
0.24365376,0.41648176,0.8197829,-0.8789117,-0.15662421,0.16985612,-0.407852,0.9143284
-0.30584028,-0.25433108,0.65097183,-0.7272709,0.51934475,0.10616363,-0.7090563,0.87035316
-0.78371525,-0.47886983,0.2476463,-0.44929755,0.5472951,-0.3418683,-0.6738755,0.85899395
-0.6696768,0.105598845,0.039228134,-0.7261277,0.30517066,-0.29575005,0.00084615,0.84890044
-0.4578375,-0.55092704,-0.28615412,-0.82591814,0.09638507,0.3102416,0.42049247,0.67917794
0.34555122,-0.441508,-0.11041795,-0.38216206,-0.30110955,0.2775107,0.20181285,-0.21575081
0.682527,-0.8118673,-0.53046525,0.4909712,-0.45020384,0.8700428,0.39147952,-0.0071921814
0.78596914,-0.8632617,-0.31643182,0.8231163,-0.7715095,0.7955872,0.15541539,0.4402458
0.7293898,-0.7401461,-0.19625565,0.369875,-0.70172435,0.80713016,-0.060728703,0.5602954
0.36476338,-0.39209524,-0.01573321,-0.027069652,-0.29399148,0.6264266,-0.19014569,0.8718521
0.20892318,-0.41763818,-0.08432954,-0.3603049,0.60870636,0.3423037,-0.5474098,0.92892796
-0.13344492,-0.5918956,-0.032535437,-0.41946757,0.7560788,0.27235535,-0.8275086,0.9012235
-0.6806728,-0.3030973,-0.1327087,-0.77357286,0.6001943,0.0145337945,-0.18650502,0.7585616
-0.6196282,0.32339698,-0.29584613,-0.7751141,0.15365756,0.20260848,0.055700146,0.8309281
-0.06092437,-0.046166785,-0.46152747,-0.37247568,0.02330737,0.32314685,0.612775,-0.12485459
0.5919178,-0.31696418,-0.13148879,-0.18795921,-0.40352747,0.50663894,0.17806455,-0.036580622
0.6735671,-0.36518976,0.0650139,-0.17382409,-0.6093461,0.67761683,0.03673692,0.38360256
0.72246283,-0.14942583,0.1959258,-0.6776956,-0.781455,0.5086248,0.11278256,0.78533214
0.5711708,0.11061152,-0.102114834,-0.29233685,-0.27759424,0.57887965,0.18096791,0.6942918
-0.3676012,-0.4286297,-0.15273236,-0.07202196,0.5615347,0.54940486,0.21884213,0.10229492
-0.51377255,-0.49304202,-0.08010771,-0.3153924,0.48959237,0.48957217,-0.02178656,0.3577828
-0.5447115,-0.47666234,-0.28747055,-0.3224246,0.4982934,0.46275863,-0.3197272,0.6035036
-0.64979804,-0.37063304,-0.41626644,-0.68272674,0.35524142,0.4084033,-0.36663598,0.7405614
-0.12023934,-0.4285591,-0.35331595,-0.7154885,-0.14175811,0.44427198,-0.16635156,0.5955683
0.6241913,-0.32825008,-0.07136274,-0.40876004,-0.59964424,0.49577436,-0.2902367,0.57417697
0.70053285,-0.23986165,0.32564774,-0.44698724,-0.69109887,0.43475544,-0.19066761,0.6870291
0.7435671,-0.21125938,0.5019028,-0.5204189,-0.74385595,0.5562693,0.14597258,0.6698249
0.66508687,-0.017933369,-0.054594003,-0.46870932,-0.28141734,0.73652166,0.43618697,0.60144275
-0.39347303,-0.71109235,-0.4144376,-0.3199033,0.53400147,0.7549659,0.53070194,-0.12941653
-0.56278896,-0.7711289,-0.3516373,-0.40305978,0.57130414,0.6853373,0.40096787,0.07674761
-0.61266583,-0.65686333,-0.4720621,-0.41274837,0.7059488,0.546161,0.26453596,0.18203402
-0.6920901,-0.5131969,-0.6301579,-0.5952491,0.5880344,0.5038507,-0.119418874,0.32592583
-0.33397147,-0.096859,0.027441278,-0.7425866,-0.28691566,0.20069435,-0.45790783,0.66825265
0.3798584,-0.22720699,0.023894489,-0.5568736,-0.53836584,0.26288024,-0.5537409,0.7238531
0.55435,-0.3298883,0.43774018,-0.42422628,-0.6046444,0.3505602,-0.34244207,0.6925239
0.5897464,-0.2730709,0.58315045,-0.4159052,-0.6131663,0.42058644,-0.04009162,0.6603471
0.46523678,-0.111934744,-0.21761657,-0.4017421,0.004147321,0.63263255,0.41837043,0.5338735
-0.18957973,-0.75362366,-0.18999258,-0.27398774,0.43366313,0.80364645,0.3223177,0.29282624
-0.5166019,-0.75436294,-0.21138059,-0.4236274,0.5041497,0.65969884,0.16615313,0.30364072
-0.7298322,-0.6086788,-0.3220731,-0.55159396,0.6223926,0.37378836,0.065377794,0.4352294
-0.78722,-0.2538262,-0.6302149,-0.6774401,0.6814703,0.11622058,-0.03712939,0.30757576
-0.23650052,-0.06987179,-0.41078606,-0.59129727,-0.071910545,0.41539702,0.10280421,0.16496518
0.80883723,-0.48227885,0.48027402,-0.1411696,-0.5297703,0.5309961,-0.17017305,0.2987603
0.63056034,-0.5113273,0.57307965,-0.30917463,-0.8117633,0.33863387,-0.120383136,0.7563045
0.791234,-0.25728306,0.5473854,-0.30471122,-0.86290306,0.21905082,0.15358393,0.8099437
0.30307996,0.17011365,-0.41510645,0.09867881,-0.07649331,0.52627337,0.5433718,0.66166455
-0.6917837,-0.44342363,0.10754325,-0.11097765,0.40958092,0.5589817,-0.19638547,0.44390696
-0.48815325,-0.37499788,0.06999828,-0.37915364,0.65507674,0.33821782,-0.5359686,0.6941868
-0.69827116,-0.4569616,-0.27590954,-0.7207386,0.6959003,0.08021179,-0.5813259,0.66250336
-0.39874026,-0.16801764,-0.48225218,-0.73487717,0.3629048,0.08643876,-0.016337898,0.3923716
0.73777795,-0.33869183,0.39394116,-0.17690673,-0.6490678,0.36841887,0.15727086,0.1017218
0.7559124,-0.6365723,0.5455219,-0.031741515,-0.8431179,0.5880413,0.0433622,0.47667304
0.83839875,-0.35536876,0.4985666,-0.22302303,-0.8701785,0.67524385,0.35506022,0.5611577
0.38215768,-0.027129361,-0.30070725,-0.013524809,-0.2245325,0.6405012,0.62531984,0.762483
-0.8424562,-0.75204873,-0.030850109,-0.17989558,0.40131783,0.6715727,0.5058659,0.31257296
-0.77560997,-0.3644407,0.19229217,-0.675779,0.67536795,0.11265482,-0.3427845,0.75239235
-0.76796496,-0.12366168,-0.36441383,-0.8254246,0.8459956,-0.32868776,-0.6909194,0.7359166
-0.5934861,-0.31441113,-0.65812886,-0.78059626,0.67377234,-0.6495923,-0.4165969,0.6495771
-0.1147157,-0.91068625,-0.08821376,0.26410374,-0.5566165,0.62612635,-0.22622171,-0.17905968
0.39955878,-0.9401161,0.0274637,0.46825904,-0.5962295,0.90115255,0.17916723,-0.24527086
0.7300377,-0.9418032,-0.50565255,0.7012655,-0.6985612,0.8911907,0.67661965,0.6743923
0.7939462,-0.88490826,-0.008704349,0.051531058,-0.485303,0.8040381,-0.09556954,0.6855643
0.08485458,-0.62254256,0.51374364,-0.6954611,-0.39516884,0.6740681,0.1929945,0.88231325
-0.061808165,-0.5198535,0.2756304,-0.5952276,0.13715336,0.5773055,0.08416669,0.923036
-0.513844,-0.45510665,0.15821902,-0.45571983,0.5492898,0.27473056,-0.4107941,0.85919476
-0.83725697,-0.35343802,-0.1037231,-0.57474035,0.68031555,-0.34254292,-0.52045006,0.8456824
-0.7129181,-0.03571609,-0.63032514,-0.76596767,0.66398734,-0.22141755,-0.079913914,0.62270427
0.015326315,-0.32413542,-0.0026409584,-0.52361345,-0.17203458,-0.23773158,0.5276977,-0.46951863
0.6053823,-0.7633495,0.09908278,0.12645759,-0.76084983,0.7481657,0.17819701,-0.13770919
0.8488135,-0.76882946,-0.0567073,0.579771,-0.70648223,0.75802326,0.38192517,0.3316595
0.82610077,-0.63988936,0.057949018,0.6878766,-0.7330145,0.21548037,-0.2652517,0.7481033
0.11609063,-0.32825083,-0.23848444,0.57792175,-0.15815997,0.44528347,0.059478596,0.62996906
0.54837257,-0.6586959,-0.44323564,-0.031110276,-0.24211754,0.49401474,-0.07597976,0.66269165
0.2453336,-0.60735303,-0.15190698,-0.28544822,0.29647177,0.6022127,-0.12487017,0.8792283
0.22071208,-0.60744685,-0.08295807,-0.38712275,0.2504737,0.4089264,-0.29394028,0.8630475
-0.4190909,-0.50968486,0.010913713,-0.46233827,0.34022185,0.42501563,-0.08010517,0.8216104
-0.77014816,-0.1890301,0.2401255,-0.5391321,0.18659721,0.23049293,0.05592998,0.76165134
-0.46230543,-0.48253834,-0.48754135,-0.59094954,0.30807552,0.4442577,-0.058102842,0.5512543
0.28937522,-0.23416026,-0.31830847,-0.5701381,-0.2732549,0.5430298,0.15035275,0.40906224
0.58432895,-0.42497465,-0.09253288,-0.48410565,-0.5766118,0.4240213,-0.16167201,0.5461433
0.62722254,-0.26971337,0.01001541,-0.53274053,-0.724835,0.43967444,-0.09020356,0.7198898
0.705947,-0.28459656,0.36713395,-0.5264943,-0.7928275,0.4364975,-0.10812436,0.7828794
0.6690364,-0.13412799,0.25567478,-0.4699536,-0.6181078,0.5126102,0.14949131,0.624783
-0.01616653,-0.24440144,-0.3650674,-0.21266678,0.16191888,0.70123714,0.50514674,0.5249747
-0.39139768,-0.7787996,-0.30426443,-0.2804047,0.45868024,0.73665226,0.4169821,0.34835652
-0.43347645,-0.65580004,-0.25806382,-0.3810019,0.601669,0.5249377,0.2632508,0.4457747
-0.64368284,-0.49039757,-0.56592035,-0.6187835,0.63169533,0.3767232,-0.09516606,0.42376313
-0.46652746,-0.16751908,-0.3027284,-0.75611514,0.0002734221,0.37314036,-0.1597705,0.5338063
0.55708426,-0.36414045,-0.14241758,-0.5338257,-0.5875731,0.30660272,-0.6709394,0.6202177
0.75340104,-0.33731914,0.3537866,-0.5670677,-0.7671041,0.009486519,-0.42684978,0.7798021
0.75580627,-0.25728643,0.629636,-0.46687657,-0.81749284,0.25664,-0.24972102,0.760849
0.5379718,0.26802385,0.0025741693,-0.5183704,-0.43763828,0.52819043,0.19895984,0.72550535
-0.49853095,-0.5290713,-0.28317195,-0.21789674,0.33084983,0.63620543,0.6114515,0.1854681
-0.7420548,-0.79048485,-0.23359853,-0.565598,0.48803914,0.785884,0.29674554,0.3717941
-0.74117917,-0.70634794,-0.19112098,-0.59735286,0.6068376,0.38151062,0.22994144,0.5147903
-0.791066,-0.42955658,-0.6292994,-0.65618783,0.752118,0.018398948,-0.025438175,0.39599183
-0.36473712,-0.062632225,-0.69794583,-0.619998,0.20864913,0.18667993,0.10051956,0.19645445
0.7862519,-0.43963844,0.2522751,-0.22254393,-0.37628356,0.5494008,-0.13091527,0.15169874
0.51483065,-0.3762642,0.41832277,-0.5386034,-0.66475415,0.14080708,-0.3057252,0.75377965
0.6977226,-0.2031778,0.49173814,-0.51441956,-0.8230322,0.09294032,-0.18863802,0.8232294
0.32906827,0.18596369,-0.11125667,-0.31624213,-0.35065898,0.4769834,0.14712644,0.71855676
-0.6997567,-0.5601351,-0.1733,-0.09594968,0.5535556,0.58243877,0.35235435,0.09966527
-0.69390124,-0.6491244,-0.030793201,-0.3504621,0.6171148,0.5519758,-0.05155516,0.53987604
-0.8043998,-0.43673643,-0.31974372,-0.70867294,0.77025414,0.13609529,-0.3637798,0.5788796
-0.64855194,-0.14708684,-0.6147584,-0.7797029,0.5184402,-0.12359857,-0.122846045,0.47007826
0.3281706,-0.18837261,-0.23463473,-0.40381083,-0.4856986,0.23630989,0.21617216,-0.066142894
0.6693174,-0.63565034,0.30989715,-0.019486347,-0.6867727,0.5157065,-0.012000054,0.5228506
0.67958695,-0.5406723,0.5061205,-0.45309797,-0.80449265,0.29254586,-0.14927058,0.7643839
0.5997766,-0.17909296,0.3809602,-0.1919718,-0.59039843,0.27618805,0.13420385,0.69189787
-0.49314255,-0.38452533,-0.38445866,0.11300039,0.45247453,0.6457639,0.57798576,0.36431947
-0.27872804,-0.59771556,-0.09790535,-0.3378675,0.4574371,0.5623691,0.041342095,0.6062621
-0.560269,-0.49780056,-0.15282075,-0.4821566,0.6370162,0.26067683,-0.3053776,0.60775435
-0.6714073,-0.2823362,-0.5432435,-0.8008168,0.5172813,0.22741507,-0.34391266,0.69972706
-0.0053195385,-0.27248803,0.08406746,-0.75630206,-0.095924035,0.30299208,0.003953537,0.44187397
0.76335627,-0.5028956,0.23786268,-0.4102903,-0.6661015,0.30581418,-0.36230603,0.556562
0.80333704,-0.54197836,0.59701633,-0.3187004,-0.8528638,0.28368837,-0.12711988,0.6049752
0.78331554,-0.08501182,0.44803172,-0.4290873,-0.7309127,0.555039,0.1313357,0.63989747
0.27671313,-0.1604638,-0.40000305,-0.23702586,0.123036996,0.6516018,0.6660909,0.626359
-0.8050929,-0.8426175,-0.08508422,-0.44600517,0.3620237,0.72244114,0.6021356,0.33804896
-0.74713594,-0.6845814,0.09931619,-0.53313965,0.5247904,0.31562904,0.19128887,0.6268542
-0.7958172,-0.3728176,-0.11669103,-0.77912635,0.70948446,-0.15394285,-0.46885818,0.7448939
-0.6526412,-0.23077275,-0.61465234,-0.78592426,0.7421641,-0.5817828,-0.57031196,0.626276
0.3375744,-0.77237266,-0.020675737,0.052113824,-0.41488254,-0.14030851,-0.027608367,-0.29900068
0.57984054,-0.9328568,-0.078872874,0.6946739,-0.5677006,0.8782918,0.12404288,-0.29922298
0.8119301,-0.94491863,-0.15154594,0.80013907,-0.8412414,0.86537594,0.2487918,0.5473673
0.8916019,-0.8781684,0.47621217,0.1840326,-0.84424347,0.7215159,-0.4960255,0.87339514
-0.6953511,-0.7966987,0.48328495,-0.718543,-0.21723527,0.66941285,0.47164005,0.8472523
-0.6992278,-0.5438686,0.20555921,-0.6790785,0.528117,0.26601648,0.31225282,0.9045289
-0.6972885,-0.37301713,-0.13210055,-0.65508807,0.86878973,-0.634254,-0.33546886,0.908251
-0.87434226,-0.35877466,-0.56540394,-0.8151975,0.8611937,-0.7742441,-0.71573687,0.92419124
0.7038397,-0.9244729,0.54311174,-0.6877005,-0.8317162,0.07414402,-0.023490842,0.44594505
0.49108517,-0.9792928,0.42586508,0.05837602,-0.8177931,0.9731717,-0.37751237,-0.28152177
0.09397653,-0.985699,-0.18494973,-0.33518857,-0.60648,0.9805862,0.36232704,0.043991104
0.055513304,-0.9687574,-0.8272731,0.19833422,0.23907885,0.95120484,0.9023322,0.015619914
0.66162294,-0.9462451,-0.9753949,0.79820454,0.5522435,0.85596323,0.9627387,-0.42781845
0.29759973,0.10981379,-0.54022795,-0.47267517,0.48370454,0.7098406,0.42982915,0.7740806
-0.13041839,0.44267413,0.6509861,-0.78126574,0.1167828,0.35108343,-0.49042422,0.9130193
-0.7037986,-0.52661026,0.63708043,-0.57578444,0.27742967,-0.2649826,-0.65014935,0.6822856
-0.28966144,-0.51841104,0.5812257,-0.535455,0.33596495,-0.29544193,-0.5139592,0.27464736
-0.24596673,-0.6866437,0.21168369,-0.78002167,0.16853093,-0.1636594,-0.44556636,0.7304969
-0.5388142,-0.8361071,-0.018690838,-0.77438796,-0.3857333,0.72091234,0.31590787,0.8695534
0.7495256,-0.9290639,-0.40776065,0.6608225,-0.46143103,0.8498039,0.51988643,-0.48051405
0.8595749,-0.96564335,-0.6593551,0.91978294,-0.7800748,0.9424861,0.74275833,0.82524806
0.78893065,-0.8971762,-0.4256572,0.50511235,-0.70512325,0.94003576,0.2129362,0.5861864
-0.1443226,-0.36525866,0.59193933,-0.755556,-0.24367122,0.7089328,0.103786394,0.8266682
-0.14050394,-0.4721944,0.5914628,-0.57072777,0.73468524,0.5188672,-0.3868573,0.93141013
-0.7175466,-0.47587126,0.4658807,-0.75519997,0.8339243,-0.16407073,-0.5448825,0.8580754
-0.5705329,-0.74523586,0.20163584,-0.724624,0.7257058,-0.57566464,-0.77710164,0.82027215
-0.2578928,-0.31469747,0.014123524,-0.8296543,0.5183405,-0.052396327,0.112322144,0.5695
0.5311497,-0.5173651,0.12840295,-0.2483193,-0.4192405,0.30629945,0.37902898,-0.21780144
0.6408256,-0.8195692,0.316541,0.38246349,-0.7096554,0.8850968,0.21719639,-0.4296127
0.7877466,-0.9312895,-0.43147263,0.832866,-0.5861255,0.96118724,0.7970821,0.38217187
0.42267445,-0.90736914,0.35201922,0.11966458,-0.62478185,0.79628634,-0.5263208,0.8295097
-0.08759912,-0.88498014,0.20779079,0.17506665,-0.1480129,0.8040076,0.28169668,0.70515877
0.053531423,-0.83902216,0.6022102,-0.061232276,-0.2992357,0.3962131,0.4831651,0.9345949
-0.73847026,-0.8662539,0.5600837,-0.6209126,0.15458977,0.32428718,0.52194494,0.9124095
-0.8679416,-0.062325776,0.5618065,-0.8677378,0.77717304,-0.45372862,-0.2775666,0.9516475
-0.7348814,-0.31953952,0.015940556,-0.86106646,0.86358136,-0.52093333,-0.6832431,0.8096758
0.44133782,-0.5972315,0.4774706,-0.82882315,0.25320783,-0.68585104,-0.5650474,0.37328
0.8288099,-0.9738768,0.6882382,0.8189925,-0.875976,0.89648616,-0.74411625,-0.30873722
0.9392714,-0.9871266,0.69650877,0.9482528,-0.9102249,0.95220673,-0.40898642,0.18497723
0.59802884,-0.96175677,0.7021188,0.2653787,-0.89503455,0.8106999,0.3622735,0.9142045
-0.6701093,-0.9748385,0.7476214,-0.43547863,-0.7045147,0.8009202,0.9033079,0.87844217
-0.8666482,-0.6010132,0.6582255,-0.879151,0.42019257,0.06409497,0.50254595,0.9213481
-0.013263097,-0.3045345,0.81294686,-0.76775706,0.66952235,-0.40086383,-0.7298283,0.9185871
-0.13688932,-0.4489528,0.5432943,-0.9083232,0.5839288,-0.44441152,-0.7896624,0.69398504
-0.8585312,-0.7538598,0.03455911,-0.7961685,0.7125602,-0.85002,-0.80467546,0.57693166
0.4362371,-0.96393305,0.118453845,0.806376,-0.54532415,0.69897795,-0.39112478,-0.49335083
0.8647335,-0.98648465,-0.07286822,0.90837204,-0.7343811,0.9475105,0.20427395,0.41065523
0.600944,-0.9664754,0.4110732,0.05826199,-0.94915986,0.7320007,-0.10465979,0.85363847
-0.11309379,-0.97598803,0.12621309,0.43132076,-0.44188607,0.9236387,0.9040222,0.74647576
-0.8418243,-0.83818483,0.8290737,-0.800545,-0.4534655,0.85746396,0.90926284,0.9492051
0.21016778,-0.45690888,0.8637622,-0.753881,0.25567207,-0.05755679,-0.48313966,0.92536724
-0.79720813,-0.42613068,0.80974317,-0.7288149,0.656321,-0.28305632,-0.39454854,0.9046491
-0.66863847,-0.4111529,0.31280223,-0.8821146,0.6820998,-0.1716246,-0.56330043,0.518099
-0.85511583,-0.47758284,-0.15305716,-0.88313365,0.8048919,-0.85021484,-0.71780473,0.58520466
-0.5237406,-0.8550175,-0.48722863,0.017850235,0.18043637,-0.57625,-0.44144768,0.42996684
0.33726618,-0.9796077,0.15504168,0.29892996,-0.7686298,0.9607856,-0.13892336,-0.22031116
0.030401332,-0.94447035,0.2614552,-0.36849222,-0.70395935,0.93882346,-0.050068647,0.2329222
-0.089587905,-0.8736085,-0.7522983,-0.1985536,0.33159417,0.9533354,0.779571,-0.13813557
0.06855155,-0.8830298,-0.70293206,0.39066076,0.55362785,0.9357303,0.8190263,-0.059337497
0.4200849,-0.8827067,-0.7032044,0.506613,0.43593428,0.8173512,0.76179034,-0.100111514
0.15001556,0.8187109,0.54016185,-0.87341523,0.6786784,-0.37974808,-0.6841909,0.8050573
-0.49493822,-0.44038802,0.93148506,-0.7717342,-0.37741485,-0.7191486,-0.8070793,0.6966528
-0.7556022,-0.72185653,0.9720631,-0.90185916,-0.66990465,-0.94704545,-0.78450865,0.71723235
-0.6176594,-0.905888,0.8040948,-0.94853365,-0.59762985,0.5940736,-0.8278956,0.9168933
-0.32110965,-0.9523902,0.47433925,-0.8859867,-0.83697385,0.97726667,0.71408975,-0.1722677
0.6057552,-0.8833505,-0.6904665,0.15574576,-0.05281528,0.91592443,0.9209038,0.13512659
0.9523426,-0.9440142,-0.95147175,0.9309836,0.654463,0.8895487,0.8928793,0.012318738
0.70473015,-0.5472306,-0.6398509,0.086751305,0.75961906,0.5685928,0.29486513,-0.028605025
0.23243186,0.085300796,0.75811666,-0.59654605,0.42254582,-0.6764964,-0.6137987,0.18098332
-0.58715224,-0.41196656,0.75882185,-0.936584,-0.6706417,-0.25528535,-0.685737,0.9176726
-0.69920117,-0.6231842,0.9253842,-0.9459477,-0.73533833,-0.3449864,-0.67950624,0.8385758
-0.63108766,-0.8935078,0.906618,-0.9230554,-0.9199048,0.9058056,-0.8245485,0.66891444
-0.7765287,-0.9046569,0.10760865,-0.91944915,-0.73042893,0.9258529,0.13894753,0.1362495
0.4047685,-0.9753131,0.46860278,-0.86045456,-0.65950114,0.93503517,-0.3551999,-0.23236431
0.4464686,-0.92474234,0.11523492,-0.6345962,-0.61213714,0.83159065,0.6121976,0.04080124
-0.1468962,-0.85748726,-0.70159787,-0.30173567,0.6627778,0.7884066,0.7849479,0.111264884
0.36595953,-0.8513628,-0.9214571,0.3374089,0.82762045,0.7235083,0.7008578,-0.034127466
0.5583272,-0.123641565,-0.13466495,-0.6945698,0.7029887,0.53862894,-0.8582902,-0.20682505
-0.22335146,0.35677856,0.6466975,-0.8460484,0.050592016,-0.59971064,-0.8925361,0.115167096
-0.13190542,0.06259249,0.8039502,-0.8413222,-0.73387337,-0.6390449,-0.62799555,0.73871994
-0.1595347,-0.69968945,0.86084485,-0.83786935,-0.8138917,-0.22966866,-0.7219608,0.83959436
-0.8154192,-0.8115226,-0.2517198,-0.9038202,0.14001188,0.968937,-0.5283737,0.83371985
-0.7544844,-0.9168874,0.044474844,-0.9312284,-0.06886995,0.9774316,0.22590171,-0.49893928
0.1365632,-0.83030343,-0.798054,-0.6378724,0.27851412,0.9329354,0.9139553,-0.541523
0.78821796,-0.8021285,-0.973939,0.45985076,0.71230227,0.8718356,0.9357108,-0.40544635
0.40455833,0.48518524,-0.53226656,-0.75986594,0.15829623,0.9705802,-0.43933547,0.96143466
-0.38282257,0.81547964,0.9271777,-0.9205908,-0.6162602,0.022029936,-0.6006284,0.41436303
0.08155627,0.6975919,0.9477167,-0.7029875,-0.9185422,-0.9410365,-0.5247485,0.78414017
-0.8432766,-0.5656616,0.8926149,-0.69193906,-0.8673042,-0.2847769,-0.68894595,0.72530705
-0.8904854,-0.87353235,0.6840044,-0.92759115,-0.7995537,0.86935085,-0.583993,0.5124319
-0.64830244,-0.766842,0.58469796,-0.9489137,-0.3836062,0.96075666,0.33712205,0.3737861
0.39470834,-0.6734047,0.31210726,-0.5962277,-0.63938034,0.9342635,0.51336604,-0.26340857
0.85749483,-0.8869577,-0.83144695,0.549307,0.55048656,0.8834922,0.8374329,0.05280948
0.470845,-0.9602424,-0.8924739,0.6497801,0.6108995,0.94814765,0.9096186,-0.30863196
0.8229753,0.2643105,0.2700181,-0.7764337,-0.393999,0.89291084,-0.6899453,0.9050692
-0.19769527,0.14442937,0.9471579,-0.88390315,-0.6057128,-0.37979567,-0.879706,0.62641346
-0.5594795,-0.24928908,0.9277477,-0.87907636,-0.5915559,-0.757091,-0.6637572,0.6549713
-0.054888017,-0.5364488,0.9768947,-0.8536562,-0.87174636,-0.96583384,-0.60860133,0.5613862
-0.9054508,-0.73987246,0.23230577,-0.96218634,-0.5102772,0.9591435,-0.58992314,0.7627454
-0.5809627,-0.9549612,0.91187865,-0.9537602,-0.9112671,0.8784901,0.31920516,0.14336836
0.3574623,-0.9480629,0.8491526,-0.914266,-0.8821028,0.8214832,-0.5370023,-0.016212335
0.28313634,-0.92738175,-0.08293921,-0.6801472,-0.40935758,0.82780576,0.6858981,-0.32353675
0.092063636,-0.9303649,0.30936944,-0.60716176,-0.1905732,0.936134,0.22183147,-0.23187043
0.021731336,-0.87660074,-0.60644436,-0.12072528,0.5102763,0.93986744,0.8339272,-0.15881968
0.5901002,-0.8182062,-0.9249749,0.4186094,0.8300926,0.9498965,0.8901612,-0.028338168
0.64428425,0.61935556,-0.1730146,-0.8114617,0.69262016,0.76227176,-0.9017078,0.49823144
-0.19416139,0.74433196,0.9520412,-0.9289687,-0.7673439,-0.16645555,-0.9450919,0.7691203
-0.50364196,-0.12475736,0.9678216,-0.80528617,-0.91096455,-0.8495018,-0.5735143,0.67652744
-0.84031105,-0.90684354,0.81651956,-0.920143,-0.8271877,0.5299557,-0.5737966,0.92088276
-0.7632843,-0.77404815,0.066419415,-0.8196398,-0.28903762,0.96102893,0.6967629,0.5340631
0.5368547,-0.8528993,-0.5814434,-0.045140784,0.3094862,0.93704355,0.8108555,-0.46339446
0.8992326,-0.74427545,-0.9739,0.84087324,0.79678166,0.94921345,0.9511966,-0.083182074
0.8939307,0.14953916,0.23875512,-0.72719944,0.48197612,0.6989963,-0.7395265,0.8037654
-0.004129588,0.11533256,0.8560379,-0.9043018,-0.38106412,-0.70542854,-0.9404038,0.86615115
-0.1230614,-0.38514236,0.9575062,-0.92203814,-0.7326732,-0.9506975,-0.76188534,0.7797226
-0.3202664,-0.8889378,0.87495184,-0.93377084,-0.82624406,0.3602029,-0.73680663,0.8521775
-0.5658932,-0.8836221,0.70192677,-0.9451098,-0.71540993,0.9841296,0.4513518,0.7820357
0.02857244,-0.89812297,-0.45599788,-0.70913774,-0.1841413,0.95696175,0.47064757,0.51592165
0.57566935,-0.94843763,-0.41090283,0.5449873,-0.5363823,0.8627391,0.8615877,0.19513255
0.25122914,-0.9378661,-0.827071,0.8163195,0.57734627,0.9286438,0.93483263,0.070655294
0.86448574,-0.41122004,-0.55957496,-0.19239803,0.5505259,0.5359975,0.0920149,0.459095
0.13565348,-0.11371012,0.5659967,-0.63455343,0.2986375,-0.69062835,-0.51901525,0.33028823
0.20661484,-0.4977153,0.8700591,-0.8888404,-0.18073703,-0.96372986,-0.86812556,0.80303764
-0.4236107,-0.8654848,0.941561,-0.96488136,-0.716938,-0.09680213,-0.8038669,0.90500516
-0.42659247,-0.8775806,0.8451125,-0.71782595,-0.8320788,0.5878003,-0.5995649,0.39739394
-0.5303624,-0.94305867,-0.17427446,-0.8238184,-0.7331977,0.9142493,-0.13250838,0.4518678
-0.3195752,-0.9605805,0.1784787,-0.3635446,-0.7542498,0.96264756,0.7054586,0.078394756
0.64233756,-0.9269404,0.036002215,-0.014805125,-0.0081906775,0.87077016,0.5703364,-0.16537085
-0.3850631,-0.77467555,-0.07866131,-0.43276674,0.7084929,0.059563167,0.3465631,0.42359772
-0.6817948,-0.6685695,-0.5992759,-0.5513275,0.91480285,-0.63269156,-0.7136938,0.6311745
-0.39198425,-0.6144783,0.40828145,-0.81302035,0.36912534,-0.46073586,-0.6483072,0.21722771
-0.36891365,-0.87299854,0.48236766,-0.1440439,-0.7254711,-0.16037309,-0.7046308,0.5306512
-0.2305545,-0.958184,0.44549483,0.017637653,-0.5641377,0.38628086,-0.5366483,0.027798105
-0.45314983,-0.9354651,0.29705727,-0.7047142,-0.69795626,0.95913607,0.37213013,0.11624704
-0.3364726,-0.96768296,-0.45320576,-0.6975412,0.099173054,0.9816033,0.7593118,-0.116675995
0.3160912,-0.94733673,-0.44207546,-0.2649812,0.20804134,0.93017936,0.67328584,0.068583034
0.15107931,-0.9137602,-0.31160504,-0.22193772,0.40035972,0.88457155,0.62188876,-0.4268764
0.33852336,-0.86935836,-0.65870386,0.040660247,0.7294068,0.80949545,0.73136294,-0.66692376
0.17934321,0.746908,0.060773052,-0.88950807,0.5451687,0.22304522,-0.7112368,0.79525346
-0.45924318,0.43160525,0.7604837,-0.8607548,-0.47548854,-0.8822703,-0.908417,0.93054056
-0.6680686,-0.91827965,0.9134276,-0.48476627,-0.7433025,-0.9001964,-0.8832961,0.8226994
0.14274907,-0.913477,0.9143024,-0.866171,-0.8105825,0.776109,-0.8720513,0.7213097
0.37003818,-0.9134259,0.72352487,-0.884284,-0.88421714,0.95977044,0.36961067,0.65989864
0.2876988,-0.953472,-0.24971859,-0.09568115,-0.760015,0.9460726,0.7189301,0.091116294
0.28793395,-0.752501,-0.17376484,0.12132596,-0.58118767,0.73307115,0.65569943,0.58517367
-0.39258036,-0.55978405,-0.52865475,-0.19409105,0.6157013,0.31942415,-0.0043059,0.6913381
-0.5586271,-0.45868644,-0.2126109,-0.7379584,0.8024582,-0.10973498,-0.54609793,0.3940428
-0.6130528,-0.33536768,0.33808115,-0.8698616,0.65291965,-0.5940305,-0.7004763,0.6098898
0.06950125,-0.41923472,0.4411402,-0.58119804,-0.14799167,-0.24093734,-0.565193,0.31935173
0.5737057,-0.8316171,0.7587265,-0.37376934,-0.79330504,-0.20519398,-0.5396724,0.21854985
0.6567497,-0.7582587,0.85268843,-0.79077244,-0.8773689,0.19919549,-0.56264096,0.5097973
0.19547704,-0.53042775,-0.51472205,-0.6904657,-0.14961474,0.81543493,0.06322811,0.32359225
-0.47331905,-0.86194503,-0.39580026,-0.608189,0.43176863,0.8335883,0.42688686,0.3349936
-0.6798293,-0.915722,-0.18158163,-0.32537314,-0.020228833,0.8167015,0.7177562,-0.08422573
-0.79882175,-0.8915233,0.1872491,-0.2986764,0.54414964,0.17945005,0.33564162,0.47103179
-0.8642808,-0.23702939,0.18867002,-0.80457973,0.9266437,-0.76403224,-0.8104198,0.7861043
-0.758014,-0.41531476,0.08152691,-0.94184476,0.8411452,-0.76556593,-0.7230144,0.7477066
-0.2810661,-0.89905834,0.27094796,-0.76182467,-0.4282216,-0.3039678,-0.60094965,0.5804042
-0.12038223,-0.98138076,0.43577155,-0.16408516,-0.807633,0.93450034,-0.3179777,-0.40082517
0.06616043,-0.9640039,-0.49891987,-0.11652984,-0.30586556,0.9495485,0.700595,0.009054411
0.72269386,-0.9360207,-0.957333,0.42198673,0.72921515,0.9734437,0.9731383,0.27642745
0.24615496,-0.9205387,-0.87666273,0.3479569,0.51231635,0.8904038,0.87069273,-0.6381389
0.5804063,0.058799118,-0.21625213,-0.5272278,0.31822234,0.74643075,0.51584226,0.6001938
-0.42387846,0.6419324,0.38151625,-0.9354007,-0.14262183,-0.11293907,-0.89186364,0.843387
-0.79271555,-0.6891063,0.7869681,-0.5571601,-0.21814531,-0.7355491,-0.84151816,0.74075246
-0.29385322,-0.6196398,0.86211705,-0.6986089,-0.19878969,-0.95779496,-0.82200336,0.8555021
-0.6733143,-0.88455987,0.47339594,-0.9454879,-0.28250048,0.81407964,-0.7699291,0.9412173
-0.2797524,-0.9597355,0.2858497,-0.8535431,-0.6423649,0.8603498,0.6271283,0.33954066
0.5441666,-0.9417323,-0.52701193,0.09801819,-0.5083175,0.8904385,0.88940597,0.025181714
0.8769011,-0.9352313,-0.93376607,0.80836105,0.2759568,0.83095473,0.952556,0.2805023
0.55141723,-0.6766327,-0.78962207,0.0472576,0.52399445,0.7223691,0.7435526,0.06423608
-0.34989485,0.46836418,0.20857736,-0.80169463,0.51246893,-0.36947405,-0.0799405,0.6324244
-0.634982,-0.45670494,0.82662547,-0.80492795,0.36770535,-0.8406009,-0.90602326,0.904168
-0.70089996,-0.81915456,0.8520996,-0.8333403,-0.062452227,-0.83563995,-0.92564714,0.7345873
-0.2457406,-0.938159,0.70054376,-0.7359426,-0.4907308,0.75679195,-0.7838738,0.6768186
0.53999245,-0.83162355,-0.63051367,-0.09179162,-0.06300745,0.87713355,0.49669018,0.59775716
0.8823807,-0.7221869,-0.87283987,0.61015195,-0.08214393,0.9118004,0.90683365,0.28227597
0.50634,-0.8310186,-0.69282866,0.6882352,-0.70983744,0.86545306,0.8792473,0.48271364
0.32784602,-0.14822593,0.10352812,-0.41415447,0.29263145,0.60577244,0.31497625,0.73960894
-0.13306944,0.30537692,0.7985622,-0.7393988,0.51339954,-0.24333237,-0.68817085,0.8332225
-0.41255698,-0.46792266,0.3624762,-0.4272286,0.6772196,-0.1789743,-0.83388287,0.7800448
0.79120994,-0.783664,0.25678,-0.729234,0.42444992,0.493698,-0.5773651,0.8028967
0.43387,-0.7768516,0.634378,-0.79902625,-0.3483737,0.41243884,0.16373184,0.6275102
0.15848225,-0.68222225,-0.10765161,-0.45582026,-0.6298444,0.6137431,0.6433894,0.6706649
-0.53592324,-0.68567145,0.04214859,0.018610545,-0.41805962,0.53983563,0.7737665,0.7426571
-0.7058169,-0.12162902,0.2613232,-0.3226848,0.19501808,-0.04352251,0.50215745,0.8853773
0.20844047,0.37910476,0.40010464,-0.84479696,0.73470265,-0.52659404,-0.66318685,0.90084934
-0.6516804,-0.28442824,0.1420969,-0.8762047,0.9225169,-0.6786363,-0.8153083,0.8548285
-0.16766149,-0.32891172,0.5329976,-0.8249616,0.8516311,-0.72065735,-0.8411067,0.65940744
0.42753056,-0.8484316,0.70425284,0.34765336,-0.14127633,0.3803257,-0.8090035,-0.25770605
0.84711134,-0.8708829,0.51495963,0.7469363,-0.9029722,0.93492514,0.1426244,0.035934865
0.943067,-0.9115749,0.6480572,0.9616631,-0.9095497,0.93008745,0.40796143,0.35290414
0.7567609,-0.8587409,0.9177339,-0.03753728,-0.97786355,0.4512765,0.334676,0.96673363
0.05330993,-0.13834375,0.9010877,-0.8238628,-0.60223305,0.6187023,0.86775213,0.97360605
-0.48292896,0.2208537,0.64253837,-0.8961042,0.6869988,-0.22681898,-0.56024814,0.9723904
-0.9569596,-0.077431686,-0.20839638,-0.9342421,0.9610617,-0.59037477,-0.88471377,0.9684328
-0.9308678,-0.35763344,-0.52061826,-0.9276842,0.9681539,-0.90219027,-0.9579687,0.8856594
-0.024988767,-0.14229205,0.18013123,-0.037126344,0.24852608,0.100469604,-0.49865004,-0.5435311
0.633424,-0.5556771,0.29042643,0.3646613,-0.73661816,0.91835153,-0.17046544,-0.16186424
0.8512733,-0.52313304,0.27942923,0.57172453,-0.66794986,0.8732466,0.3768655,0.5342782
0.64822656,-0.6465966,-0.32786173,0.36901677,-0.8112941,0.67310566,0.65237683,0.6280978
-0.26180637,-0.5150106,-0.27378234,0.06347784,-0.3274201,0.89402455,0.8015223,0.69556814
-0.6699429,0.06674912,0.10927693,-0.7953152,0.45122606,0.33180195,0.029613119,0.8883811
-0.836053,0.20248966,-0.32615137,-0.7901818,0.9380729,0.05153968,-0.7047486,0.84604114
-0.9005826,0.12588896,-0.73393214,-0.86752987,0.913579,0.17070562,-0.7638707,0.78315294
-0.031672813,0.42765558,-0.2599079,-0.7019865,0.24169834,0.47952783,0.13372128,-0.35851976
0.4152631,0.037811927,0.06490707,-0.26752615,-0.5848109,0.13539883,-0.06542647,0.31300873
0.4251946,0.3647193,0.17932694,-0.49565572,-0.8145879,0.1805421,-0.27715936,0.71668214
0.2937316,-0.14884482,0.38267386,-0.13934398,-0.8480575,-0.104303055,-0.36206713,0.8388338
0.24194077,0.34505752,-0.47151694,-0.056578096,0.22893116,0.57840407,0.40279663,0.5303404
-0.10227083,-0.71181846,-0.28505537,0.26164988,0.5741175,0.80780953,0.44498906,-0.3004096
-0.17161019,-0.66782033,-0.49406433,-0.19517209,0.8085393,0.65411234,0.3960292,-0.7050253
-0.66809684,-0.032980032,-0.5029495,-0.82922703,0.7028128,0.743869,0.59573907,-0.56894034
-0.6696007,0.39835674,-0.44326,-0.927071,0.07584747,0.5354262,-0.34213105,0.75083137
0.7801613,0.29500857,0.69566447,-0.7346809,-0.8435501,-0.13773558,-0.65258366,0.87626165
0.102348186,-0.06392698,0.4533303,-0.55756825,-0.73714757,0.10976431,-0.5393878,0.6291116
0.427269,-0.110895656,0.5035121,-0.34910607,-0.659382,0.27916998,-0.07301782,0.41799906
0.6909861,0.35464057,-0.6156341,-0.22911681,-0.012575407,0.20355093,0.46386856,0.51827365
0.25804344,-0.016950404,-0.5313602,-0.37025186,0.07597962,0.32646608,0.08223172,0.50465417
-0.34459808,-0.31489414,-0.48580098,-0.021456739,0.618988,0.5129172,-0.049367957,-0.5683928
-0.3146042,-0.39244333,-0.26170793,-0.13067663,0.6527263,0.44246382,-0.06500459,-0.46728116
-0.37592387,-0.41692552,-0.051935207,-0.26220152,0.2828201,0.46248478,-0.12184171,-0.33052695
0.118740045,-0.18870082,0.01613995,-0.5729121,-0.09790202,0.7443232,0.26845092,0.0045815473
0.11213725,0.47700837,-0.050211538,-0.6136282,-0.3634474,0.66126376,0.060250398,0.6245168
0.3879601,0.3376867,0.20549908,-0.83207935,-0.8200042,0.20166326,-0.27435672,0.8611242
0.63706267,-0.08501783,0.8265638,-0.74341035,-0.9361165,-0.25191942,-0.14250979,0.8470122
0.49492064,0.577991,-0.21605538,-0.008168218,-0.3285774,0.26486704,0.19359502,0.67809385
-0.5057085,-0.2929168,-0.3203609,0.54084426,0.25014174,0.5615086,-0.15620403,-0.09163185
-0.13106665,-0.6612519,0.33996525,0.44103396,0.4850174,0.7800113,-0.6338588,0.029060612
0.346605,-0.6221339,0.6868598,0.4983336,-0.05019396,0.6285414,-0.49494004,-0.030198945
0.60702616,-0.8196196,0.25746897,-0.20986767,-0.25066325,0.60531795,-0.3098836,0.56368166
0.45291764,-0.8177657,-0.07886864,-0.6392467,0.15405096,0.3939319,-0.1828077,0.55988646
-0.0901868,-0.38417822,-0.12721223,-0.6735617,0.019031364,0.34290144,0.52667135,0.81880397
-0.8297971,0.08115264,-0.2984035,-0.8269517,0.29504925,0.021299582,0.66802007,0.8021714
-0.5943175,0.024249097,-0.34875584,-0.77879435,0.48469174,0.008259844,0.23609805,0.68538696
-0.4117675,0.05030136,-0.3548379,-0.5324143,0.660394,0.16625115,-0.25249287,-0.15780646
0.57518905,0.016526965,0.1356364,-0.44689435,-0.070970595,0.12946044,-0.37747523,0.54224885
0.46810043,0.1883606,0.5362918,-0.776512,-0.7198364,0.11808651,-0.19829506,0.8188227
0.6772441,0.31787986,0.54577035,-0.71291304,-0.74926096,-0.010953914,0.138849,0.7589321
0.8150035,0.6783121,0.17629166,-0.40389633,-0.81754047,0.04869934,0.24095209,0.7738141
0.38760766,0.7419262,-0.7433508,0.5189874,-0.7174128,0.42020333,0.24886721,0.79270786
-0.0744336,-0.5943986,-0.40257058,0.6503547,0.26082134,0.88970023,-0.66404355,-0.09626981
0.48913267,-0.71605945,0.77497584,0.5743182,0.54189324,0.65385115,-0.8327996,0.26086062
0.55034566,-0.8416217,0.64311236,0.06993573,0.21344258,0.36193427,-0.715942,0.47520816
0.44829234,-0.49187455,0.18900138,-0.53163576,0.22156972,-0.2268688,0.10103559,0.56420934
-0.28686014,-0.49942246,-0.1384949,-0.6223113,-0.13771674,0.31579587,0.4590592,0.84590095
-0.7045819,0.049215127,-0.4106925,-0.79973584,-0.16937113,0.17357433,0.7133818,0.7597749
-0.12822925,0.10704235,0.17425229,-0.558407,0.0014535818,-0.15798284,0.19982138,0.45352498
0.05141019,-0.107272506,0.15324949,-0.43237066,0.109268375,-0.011409149,-0.22341588,0.13151461
-0.00028312096,0.07856411,0.025484527,-0.694839,0.049429774,-0.1968228,-0.4212308,0.7189972
0.07088519,-0.16832516,0.35400414,-0.5955285,0.0753049,-0.20803285,-0.51487684,0.6545591
0.30993897,-0.39772078,0.44338843,-0.34503108,-0.09898212,-0.114399254,-0.616667,0.5002697
0.5155876,-0.560473,0.46474966,0.04014535,-0.56924105,0.33982077,-0.49015442,0.026025623
0.7561165,-0.356492,0.4504542,-0.2058305,-0.86955047,0.73869944,0.36299896,0.20917968
0.7063697,-0.14978589,-0.40713695,-0.49512357,-0.78485507,0.82932174,0.8758061,0.2989236
0.1606236,-0.25852424,-0.734695,-0.44089538,0.20202553,0.71084744,0.6985395,0.17311855
-0.49991366,-0.64314264,-0.49904183,-0.31424066,0.5354721,0.72579265,0.55451655,-0.024982717
-0.5873172,-0.28323412,-0.586507,-0.41378096,0.72204715,0.54622304,0.22723565,0.30433366
-0.44576862,-0.15566532,0.24663773,-0.61033803,0.3614687,0.29816133,-0.46453208,0.48063958
-0.45439422,-0.059292026,-0.12766488,-0.6659232,0.08946787,0.32682928,-0.64579844,0.7533761
0.6598876,-0.23727843,0.41365233,-0.44644946,-0.64459044,0.18765914,-0.3810447,0.6568115
0.77811503,0.2388931,0.50227123,-0.72409344,-0.8455399,0.33957946,0.12105666,0.6839214
0.86022013,0.5543487,0.35254452,-0.721978,-0.8575904,0.20104225,0.3644507,0.6155323
0.7513594,0.81275445,-0.736019,-0.27625793,-0.7462613,0.2601754,0.5921458,0.7878149
-0.6082001,-0.20458691,-0.82371855,0.68104875,0.032087233,0.6852076,0.3395215,-0.32394108
-0.09537864,-0.5662064,0.25157693,0.3389908,0.49366784,0.7678999,-0.3187783,-0.06131319
0.028133018,-0.57375014,0.48165387,0.33026782,0.3638394,0.5873821,-0.40862054,0.10433344
0.18702534,-0.6146436,0.109560445,-0.14542435,0.11863853,0.41993964,-0.45701045,0.2866782
-0.023015836,-0.4185207,-0.25659966,-0.56614393,0.67352766,0.02080998,-0.6212234,0.6190938
-0.939929,0.29491162,-0.81671876,-0.8596121,0.8133277,-0.1848328,0.018936938,0.5778359
-0.57077605,0.830198,-0.6151009,-0.78935707,0.22888663,0.5506739,0.8782568,0.60233843
0.2687882,0.048474543,0.2013679,0.09019969,-0.2845092,0.5631629,0.8198013,-0.63087976
0.76591545,-0.54118943,0.5141737,0.737322,-0.71834487,0.3866405,0.55778897,-0.6589729
0.9594608,-0.7551885,0.63962615,0.9347842,-0.9427369,0.48715264,0.33139333,0.55023277
0.982158,-0.686603,0.72073644,0.8570002,-0.95980114,0.76737416,0.33965918,0.9771054
0.21690719,-0.6295717,-0.35925454,-0.408261,0.62574464,-0.06463222,-0.43490258,0.68832517
-0.41098133,-0.7059347,-0.58172333,-0.89379084,0.90044415,-0.4361982,-0.53424525,0.79878885
-0.87578326,-0.6249394,-0.6583709,-0.9542897,0.8527977,-0.46408856,-0.49842393,0.6389106
-0.96644485,0.55653465,-0.5955021,-0.90101284,0.68390447,-0.5693103,0.4772782,0.3661051
-0.671741,0.6831231,-0.2837968,-0.5215944,0.24622478,0.28623965,0.77547336,-0.45295537
0.7532307,-0.7491852,0.7627581,0.7885771,-0.74680585,0.80444914,0.5772079,-0.83912665
0.97720736,-0.9541498,0.9020644,0.94109356,-0.9654411,0.52107096,0.089122765,0.18756609
0.97237116,-0.9264246,0.6831624,0.8640117,-0.9476229,0.76678705,0.53866255,0.9584079
-0.24865612,-0.52953255,0.2348018,-0.24767461,0.21364558,0.24097979,0.676872,0.8332133
-0.8228344,-0.6515634,-0.15866566,-0.92315984,0.94341695,-0.68591326,-0.5096849,0.91764957
-0.9736249,0.20767133,-0.6480388,-0.929313,0.9556921,-0.1963469,-0.42194343,0.8582887
-0.79324037,-0.130031,-0.16040255,-0.7480459,0.9192368,-0.46029556,-0.7742683,0.29776588
0.9158027,-0.85820615,0.79251486,0.89879733,-0.74289125,0.8745255,-0.66008234,-0.91050005
0.9600314,-0.95073617,0.87177855,0.95746297,-0.8866205,0.86852556,-0.316479,-0.042586405
0.95720667,-0.9591459,0.8928116,0.85204536,-0.98014563,0.8279544,0.6342715,0.957939
0.0034734793,-0.6948031,0.72835416,-0.33516803,-0.69144076,0.044509,0.93550724,0.9517016
0.3191442,0.27372056,0.63477916,-0.8899956,-0.40332255,0.52544487,0.45356777,0.9718448
-0.40314594,0.3164919,0.49675676,-0.9458439,0.78409964,-0.04555704,-0.8138797,0.9864668
-0.86486846,0.122471526,-0.60451823,-0.9009079,0.9461308,-0.16709806,-0.8236259,0.9211622
-0.87209857,0.16092409,-0.4365107,-0.8177115,0.9285722,-0.046839397,-0.8763989,0.61619365
0.94989973,-0.73839957,0.7747457,0.8988223,-0.65111125,0.61039567,0.046188794,-0.9789814
0.97562766,-0.9034692,0.9597265,0.9682499,-0.9256644,0.7093527,-0.4051692,-0.3613632
0.9852516,-0.9663323,0.98289376,0.9811016,-0.99085504,0.805452,-0.4072949,0.917284
0.3615586,-0.55356044,0.29090646,-0.11704609,-0.55264693,0.66272163,0.81637335,0.76159954
-0.61897326,-0.7869315,0.69974357,-0.16420676,-0.5317056,0.72335017,0.8820782,0.87326306
-0.8369933,-0.46683392,0.18634957,-0.7477532,0.4058713,0.0023176523,0.10051295,0.9403722
-0.76800495,0.19103651,0.29633623,-0.9367642,0.921393,-0.68431515,-0.9066243,0.97308546
-0.93593615,-0.22603479,-0.42958128,-0.9422892,0.97485894,-0.9066926,-0.9609124,0.9146674
0.9123835,-0.8858719,0.7422451,0.92300344,-0.5958728,0.5362088,-0.5545087,-0.7595361
0.98288935,-0.9689499,0.730097,0.97170764,-0.94629425,0.91604036,-0.5754998,0.40359145
0.91265947,-0.9073068,0.78358597,0.7285252,-0.93388194,0.81081295,-0.6114436,0.7640595
-0.53480506,-0.78665,0.37200361,-0.8629189,-0.14338279,0.7167824,-0.12851186,0.69197834
-0.074787475,-0.8260886,0.59987116,-0.48309696,0.35243517,0.33684725,0.22700316,0.7533899
-0.8559486,-0.25475517,0.19454476,-0.80370045,0.6408182,-0.1738302,0.20251623,0.85650724
-0.81736416,-0.51985383,-0.3802454,-0.7010171,0.7198326,-0.5159804,-0.30953744,0.6735729
-0.8222174,-0.59979916,-0.595666,-0.8288146,0.8465986,-0.7752304,-0.80603766,0.71681
0.58613086,-0.8231801,0.7503974,-0.36723706,-0.89866006,0.77038604,0.12472926,-0.2765497
0.025900045,-0.8849398,0.40812847,-0.605851,-0.5518434,0.91050094,-0.5760231,-0.16530704
-0.09080654,-0.736773,0.100550555,-0.73572946,-0.53463703,0.8213565,0.01843564,-0.13310172
0.795151,-0.7884109,0.40488392,0.4858152,-0.4868404,0.69536376,0.35567242,0.3991695
0.5390924,-0.86048174,0.6423661,0.71190524,-0.53522646,0.7557819,0.620603,0.80359447
-0.61383873,-0.87016875,0.59997326,-0.07207509,-0.6773173,0.654826,0.82706565,0.68394285
-0.18418428,0.1418315,0.821513,-0.87147623,-0.34704432,0.24407764,0.00034263326,0.9376663
-0.43704578,0.2914657,0.4559401,-0.92606634,0.8427007,-0.07822303,-0.5446388,0.94898176
-0.90825486,-0.2267098,-0.36841944,-0.9225573,0.9751826,-0.305153,-0.8113616,0.9311542
-0.9485434,0.09478368,-0.78978074,-0.9373198,0.9659352,-0.5512773,-0.8089286,0.77185124
